split_label,dataset_id,system_id,corruption_family,corruption_level,seed_role,seed_count,run_count,accuracy_mean,accuracy_std,error_rate_mean,error_rate_std,precision_mean,precision_std,recall_mean,recall_std,f1_mean,f1_std,observed_label_accuracy_mean,observed_label_accuracy_std,observed_label_f1_mean,observed_label_f1_std,unsafe_acceptance_rate_mean,unsafe_acceptance_rate_std,false_positive_rate_mean,false_positive_rate_std,false_negative_rate_mean,false_negative_rate_std,technical_failure_rate_mean,technical_failure_rate_std,rejection_rate_mean,rejection_rate_std,high_corruption_unsafe_acceptance_rate_mean,high_corruption_unsafe_acceptance_rate_std
audit,adult_income,single_model,missing_features,0.0,audit,3,3,0.855036855036855,0.0,0.144963144963145,0.0,0.7228682170542635,0.0,0.6386986301369864,0.0,0.6781818181818182,0.0,0.855036855036855,0.0,0.6781818181818182,0.0,0.07696447793326157,0.0,0.07696447793326157,0.0,0.3613013698630137,0.0,0.0,0.0,0.7886977886977887,0.0,0.0,0.0
audit,adult_income,single_model,missing_features,0.05,audit,3,3,0.8464373464373465,0.0015322102320941687,0.15356265356265356,0.0015322102320941687,0.7148925338851182,0.0047228672896173956,0.5953196347031964,0.0016143990438049094,0.6496469663419372,0.0028629314103196133,0.8464373464373465,0.0015322102320941687,0.6496469663419372,0.0028629314103196133,0.07463222102619303,0.0015432948093007915,0.07463222102619303,0.0015432948093007915,0.4046803652968037,0.0016143990438049094,0.0,0.0,0.8008463008463008,0.0008414433528486101,0.0,0.0
audit,adult_income,single_model,missing_features,0.1,audit,3,3,0.844935844935845,0.004551824187969684,0.15506415506415505,0.004551824187969684,0.7215834761299357,0.011587923295267939,0.5724885844748858,0.012990646891256905,0.6384056156850224,0.011685446635019853,0.844935844935845,0.004551824187969684,0.6384056156850224,0.011685446635019853,0.06942949407965554,0.0030761442769074716,0.06942949407965554,0.0030761442769074716,0.4275114155251142,0.0129906468912569,0.0,0.0,0.8102648102648102,0.0030886455088683217,0.0,0.0
audit,adult_income,single_model,missing_features,0.2,audit,3,3,0.832923832923833,0.0037975505714560437,0.16707616707616704,0.0037975505714560437,0.7219076291443788,0.012681814573701398,0.490296803652968,0.006457596175219612,0.583971990377593,0.008695373676063937,0.832923832923833,0.0037975505714560437,0.583971990377593,0.008695373676063937,0.059382848941514174,0.0029912687478530825,0.059382848941514174,0.0029912687478530825,0.509703196347032,0.006457596175219638,0.0,0.0,0.8375648375648376,0.0008414433528486582,0.0,0.0
audit,adult_income,single_model,missing_features,0.4,audit,3,3,0.8117663117663118,0.0023721194645076093,0.18823368823368822,0.0023721194645076093,0.7369155354449473,0.007091195382205576,0.3310502283105023,0.01049359378473186,0.45678875606719416,0.01078472686334597,0.8117663117663118,0.0023721194645076093,0.45678875606719416,0.01078472686334597,0.03713670613562971,0.0011626732505216808,0.03713670613562971,0.0011626732505216808,0.6689497716894977,0.010493593784731886,0.0,0.0,0.8925743925743925,0.002921230488538466,0.0,0.0
audit,adult_income,single_model,missing_features,0.6,audit,3,3,0.7882882882882883,0.0018616136632522602,0.2117117117117117,0.0018616136632522602,0.7066985478698637,0.01702765581087619,0.1963470319634703,0.004271298386728248,0.30726864349485167,0.005837502421843339,0.7882882882882883,0.0018616136632522602,0.30726864349485167,0.005837502421843339,0.025654825977753856,0.002076755813202408,0.025654825977753856,0.002076755813202408,0.8036529680365296,0.00427129838672826,0.0,0.0,0.9335244335244335,0.0019012269010625583,0.0,0.0
audit,adult_income,single_model,missing_features,0.8,audit,3,3,0.7735462735462736,0.0003343556842456135,0.22645372645372644,0.0003343556842456135,0.7603322603322603,0.034353124658073934,0.07819634703196347,0.004494296731741902,0.14168457149180955,0.006865311666399521,0.7735462735462736,0.0003343556842456135,0.14168457149180955,0.006865311666399521,0.007893792608539648,0.0018295728430544615,0.007893792608539648,0.0018295728430544615,0.9218036529680366,0.004494296731741928,0.0,0.0,0.9752934752934753,0.0024645741312131915,0.007893792608539648,0.0018295728430544615
audit,adult_income,single_model,missing_features,1.0,audit,3,3,0.7608517608517609,0.0,0.23914823914823913,0.0,0.0,0.0,0.0,0.0,0.0,0.0,0.7608517608517609,0.0,0.0,0.0,0.0,0.0,0.0,0.0,1.0,0.0,0.0,0.0,1.0,0.0,0.0,0.0
audit,adult_income,single_model,missing_features,0.0,shadow,2,2,0.855036855036855,0.0,0.144963144963145,0.0,0.7228682170542635,0.0,0.6386986301369864,0.0,0.6781818181818182,0.0,0.855036855036855,0.0,0.6781818181818182,0.0,0.07696447793326157,0.0,0.07696447793326157,0.0,0.3613013698630137,0.0,0.0,0.0,0.7886977886977887,0.0,0.0,0.0
audit,adult_income,single_model,missing_features,0.05,shadow,2,2,0.8509418509418509,0.002457002457002422,0.14905814905814907,0.002457002457002422,0.7253745884566283,0.0043002082913390915,0.6061643835616438,0.008561643835616417,0.6604221488938083,0.0068640964593513765,0.8509418509418509,0.002457002457002422,0.6604221488938083,0.0068640964593513765,0.0721205597416577,0.0005382131324004336,0.0721205597416577,0.0005382131324004336,0.3938356164383562,0.008561643835616445,0.0,0.0,0.8001638001638002,0.0016380016380016515,0.0,0.0
audit,adult_income,single_model,missing_features,0.1,shadow,2,2,0.8425470925470926,0.003071253071253055,0.15745290745290746,0.003071253071253055,0.7143836248673097,0.010128305718373587,0.5693493150684932,0.002568493150684914,0.633658970610933,0.005575479149832474,0.8425470925470926,0.003071253071253055,0.633658970610933,0.005575479149832474,0.07158234660925727,0.0032292787944025805,0.07158234660925727,0.0032292787944025805,0.4306506849315068,0.0025684931506849418,0.0,0.0,0.8093775593775594,0.0018427518427518441,0.0,0.0
audit,adult_income,single_model,missing_features,0.2,shadow,2,2,0.8329238329238329,0.00040950040950044064,0.16707616707616707,0.00040950040950044064,0.721662468513854,0.0012594458438286993,0.49058219178082196,0.0008561643835616473,0.5840978593272171,0.0010193679918449883,0.8329238329238329,0.00040950040950044064,0.5840978593272171,0.0010193679918449883,0.059472551130247575,0.0002691065662002133,0.059472551130247575,0.0002691065662002133,0.509417808219178,0.000856164383561675,0.0,0.0,0.8374283374283374,0.0,0.0,0.0
audit,adult_income,single_model,missing_features,0.4,shadow,2,2,0.811015561015561,0.00020475020475019257,0.18898443898443895,0.00020475020475019257,0.7306988423561458,0.00036176370446033834,0.3321917808219178,0.0017123287671232945,0.4567365252865663,0.0015478460412833017,0.811015561015561,0.00020475020475019257,0.4567365252865663,0.0015478460412833017,0.038482238966630784,0.0002691065662002168,0.038482238966630784,0.0002691065662002168,0.6678082191780822,0.001712328767123239,0.0,0.0,0.8912776412776413,0.0006142506142506332,0.0,0.0
audit,adult_income,single_model,missing_features,0.6,shadow,2,2,0.7907452907452908,0.0036855036855036882,0.20925470925470924,0.0036855036855036882,0.7441902687000727,0.008896151053013779,0.19006849315068491,0.01883561643835617,0.30242776288352696,0.024649985105749173,0.7907452907452908,0.0036855036855036882,0.30242776288352696,0.024649985105749173,0.020452099031216364,0.001076426264800862,0.020452099031216364,0.001076426264800862,0.8099315068493151,0.01883561643835613,0.0,0.0,0.938984438984439,0.00532350532350534,0.0,0.0
audit,adult_income,single_model,missing_features,0.8,shadow,2,2,0.7725225225225225,0.0010237510237510183,0.22747747747747743,0.0010237510237510183,0.7177156177156178,0.020745920745920743,0.08047945205479451,0.0017123287671232876,0.1447291691359488,0.003190707597487269,0.7725225225225225,0.0010237510237510183,0.1447291691359488,0.003190707597487269,0.009956942949407965,0.000807319698600646,0.009956942949407965,0.000807319698600646,0.9195205479452055,0.0017123287671232945,0.0,0.0,0.9731777231777232,0.00020475020475019257,0.009956942949407965,0.000807319698600646
audit,adult_income,single_model,missing_features,1.0,shadow,2,2,0.7608517608517609,0.0,0.23914823914823913,0.0,0.0,0.0,0.0,0.0,0.0,0.0,0.7608517608517609,0.0,0.0,0.0,0.0,0.0,0.0,0.0,1.0,0.0,0.0,0.0,1.0,0.0,0.0,0.0
locked,adult_income,single_model,missing_features,0.0,primary,3,3,0.8632268632268633,0.0,0.13677313677313674,0.0,0.7574511819116135,0.0,0.630453378956373,0.0,0.6881419234360411,0.0,0.8632268632268633,0.0,0.6881419234360411,0.0,0.06352624495289368,0.0,0.06352624495289368,0.0,0.369546621043627,0.0,0.0,0.0,0.8007780507780508,0.0,0.0,0.0
locked,adult_income,single_model,missing_features,0.05,primary,3,3,0.8557193557193558,0.0019376289334669026,0.14428064428064427,0.0019376289334669026,0.7524338703360184,0.004015391524950865,0.5919589392643285,0.006662857967235803,0.6626082011649372,0.005439410149684891,0.8557193557193558,0.0019376289334669026,0.6626082011649372,0.005439410149684891,0.061283086585912964,0.0009150326628250836,0.061283086585912964,0.0009150326628250836,0.40804106073567153,0.006662857967235758,0.0,0.0,0.8116980616980617,0.00151693357704701,0.0,0.0
locked,adult_income,single_model,missing_features,0.1,primary,3,3,0.8486895986895987,0.0007287113194124651,0.15131040131040133,0.0007287113194124651,0.7488499490848004,0.0026768751333296256,0.5534644995722839,0.0012097635264098502,0.6364986363806777,0.0014712847225061493,0.8486895986895987,0.0007287113194124651,0.6364986363806777,0.0014712847225061493,0.058411843876177656,0.0007924415312990415,0.058411843876177656,0.0007924415312990415,0.446535500427716,0.0012097635264098241,0.0,0.0,0.8230958230958231,0.0006027682818951719,0.0,0.0
locked,adult_income,single_model,missing_features,0.2,primary,3,3,0.8399535899535899,0.0024245590592863165,0.16004641004641004,0.0024245590592863165,0.7519061265091893,0.005697844756700137,0.49443969204448246,0.007683030273913614,0.5965705073006139,0.007385734656521324,0.8399535899535899,0.0024245590592863165,0.5965705073006139,0.007385734656521324,0.05132346343651862,0.0007718551159302495,0.05132346343651862,0.0007718551159302495,0.5055603079555175,0.007683030273913569,0.0,0.0,0.8426153426153427,0.0012547622379777362,0.0,0.0
locked,adult_income,single_model,missing_features,0.4,primary,3,3,0.8157930657930658,0.0005107367440313962,0.1842069342069342,0.0005107367440313962,0.7452463431068715,0.00604783022673084,0.35015682919874536,0.0035154913048012285,0.47641950643984665,0.002291300304545871,0.8157930657930658,0.0005107367440313962,0.47641950643984665,0.002291300304545871,0.03768506056527591,0.0015227063928647034,0.03768506056527591,0.0015227063928647034,0.6498431708012546,0.0035154913048012285,0.0,0.0,0.8875238875238876,0.0019591455220321083,0.0,0.0
locked,adult_income,single_model,missing_features,0.6,primary,3,3,0.7914277914277914,0.00251508678305874,0.2085722085722086,0.00251508678305874,0.7545998141888552,0.016644861216601026,0.19047619047619047,0.008620596782338738,0.30412144860355156,0.01202827651708693,0.7914277914277914,0.00251508678305874,0.30412144860355156,0.01202827651708693,0.019470614625392554,0.0012104744336681951,0.019470614625392554,0.0012104744336681951,0.8095238095238095,0.008620596782338723,0.0,0.0,0.9395986895986896,0.0019709976901711446,0.0,0.0
locked,adult_income,single_model,missing_features,0.8,primary,3,3,0.7702702702702703,0.001096258422345712,0.22972972972972971,0.001096258422345712,0.7417224495838753,0.06814169627315397,0.06358711149130311,0.005148408920806326,0.11690094256089682,0.008118641421055854,0.7702702702702703,0.001096258422345712,0.11690094256089682,0.008118641421055854,0.007357559443696725,0.0027829631977157147,0.007357559443696725,0.0027829631977157147,0.9364128885086969,0.005148408920806314,0.0,0.0,0.9791837291837292,0.0032859413369398537,0.007357559443696725,0.0027829631977157147
locked,adult_income,single_model,missing_features,1.0,primary,3,3,0.7606470106470107,0.0,0.23935298935298932,0.0,0.0,0.0,0.0,0.0,0.0,0.0,0.7606470106470107,0.0,0.0,0.0,0.0,0.0,0.0,0.0,1.0,0.0,0.0,0.0,1.0,0.0,0.0,0.0
locked,adult_income,single_model,missing_features,0.0,shadow,2,2,0.8632268632268633,0.0,0.13677313677313674,0.0,0.7574511819116135,0.0,0.630453378956373,0.0,0.6881419234360411,0.0,0.8632268632268633,0.0,0.6881419234360411,0.0,0.06352624495289368,0.0,0.06352624495289368,0.0,0.369546621043627,0.0,0.0,0.0,0.8007780507780508,0.0,0.0,0.0
locked,adult_income,single_model,missing_features,0.05,shadow,2,2,0.8569819819819819,0.00010237510237509628,0.14301801801801806,0.00010237510237509628,0.7528397080939477,0.0020409860492193177,0.5992301112061591,0.003849443969204447,0.6672953209607997,0.0015851344471698448,0.8569819819819819,0.00010237510237509628,0.6672953209607997,0.0015851344471698448,0.06191117092866756,0.0010767160161507389,0.06191117092866756,0.0010767160161507389,0.4007698887938409,0.003849443969204447,0.0,0.0,0.8094799344799345,0.0017403767403767478,0.0,0.0
locked,adult_income,single_model,missing_features,0.1,shadow,2,2,0.8523751023751024,0.00040950040950038513,0.1476248976248976,0.00040950040950038513,0.7525383097932745,0.00029615732690685403,0.5710008554319932,0.002994011976047928,0.6493146264671072,0.0018255967255177974,0.8523751023751024,0.00040950040950038513,0.6493146264671072,0.0018255967255177974,0.05908479138627187,0.00040376850605652534,0.05908479138627187,0.00040376850605652534,0.4289991445680068,0.0029940119760479,0.0,0.0,0.8183865683865683,0.0010237510237510183,0.0,0.0
locked,adult_income,single_model,missing_features,0.2,shadow,2,2,0.8398853398853399,0.0036855036855036882,0.16011466011466013,0.0036855036855036882,0.7579314636206054,0.01028045690919599,0.4863130881094953,0.009837467921300247,0.5924688855723338,0.010441717338269041,0.8398853398853399,0.0036855036855036882,0.5924688855723338,0.010441717338269041,0.04885598923283983,0.0017496635262449524,0.04885598923283983,0.0017496635262449524,0.5136869118905047,0.009837467921300247,0.0,0.0,0.8464373464373465,0.0010237510237510183,0.0,0.0
locked,adult_income,single_model,missing_features,0.4,shadow,2,2,0.8154176904176904,0.0005118755118754814,0.1845823095823096,0.0005118755118754814,0.7475944252302846,0.00712255590179095,0.3455945252352438,0.0034217279726261873,0.4726419097417086,0.001776694909454285,0.8154176904176904,0.0005118755118754814,0.4726419097417086,0.001776694909454285,0.03674293405114401,0.0017496635262449559,0.03674293405114401,0.0017496635262449559,0.6544054747647562,0.0034217279726261873,0.0,0.0,0.8893325143325144,0.002149877149877133,0.0,0.0
locked,adult_income,single_model,missing_features,0.6,shadow,2,2,0.7921785421785421,0.00020475020475024808,0.20782145782145783,0.00020475020475024808,0.7533850699743482,0.005812254440367592,0.1958939264328486,0.0017108639863130937,0.3109244394627101,0.0016601342855984136,0.7921785421785421,0.00020475020475024808,0.3109244394627101,0.0016601342855984136,0.020188425302826378,0.0008075370121130559,0.020188425302826378,0.0008075370121130559,0.8041060735671515,0.0017108639863130937,0.0,0.0,0.9377559377559377,0.0010237510237510183,0.0,0.0
locked,adult_income,single_model,missing_features,0.8,shadow,2,2,0.7706797706797707,0.0020475020475020367,0.22932022932022933,0.0020475020475020367,0.7211180124223602,0.03540372670807451,0.06800684345594525,0.006415739948674084,0.12427192300356518,0.011242095688023583,0.7706797706797707,0.0020475020475020367,0.12427192300356518,0.011242095688023583,0.008209959623149394,0.0006729475100942131,0.008209959623149394,0.0006729475100942131,0.9319931565440547,0.006415739948674115,0.0,0.0,0.9774774774774775,0.0010237510237510183,0.008209959623149394,0.0006729475100942131
locked,adult_income,single_model,missing_features,1.0,shadow,2,2,0.7606470106470107,0.0,0.23935298935298932,0.0,0.0,0.0,0.0,0.0,0.0,0.0,0.7606470106470107,0.0,0.0,0.0,0.0,0.0,0.0,0.0,1.0,0.0,0.0,0.0,1.0,0.0,0.0,0.0
