split_label,dataset_id,system_id,corruption_family,run_count,evaluated_rows,accuracy_mean,accuracy_std,error_rate_mean,error_rate_std,precision_mean,precision_std,recall_mean,recall_std,f1_mean,f1_std,observed_label_accuracy_mean,observed_label_accuracy_std,observed_label_f1_mean,observed_label_f1_std,unsafe_acceptance_rate_mean,unsafe_acceptance_rate_std,false_positive_rate_mean,false_positive_rate_std,false_negative_rate_mean,false_negative_rate_std,technical_failure_rate_mean,technical_failure_rate_std,rejection_rate_mean,rejection_rate_std,high_corruption_unsafe_acceptance_rate_mean,high_corruption_unsafe_acceptance_rate_std,summary_hash
audit,adult_income,mean_ensemble,adversarial_confidence_inflation,40,97680,0.8457923832923833,0.011524685891228492,0.1542076167076167,0.011524685891228492,0.7073329202103914,0.02781967806851905,0.6057791095890411,0.024824301381576028,0.652626017721327,0.02621730789714573,0.8457923832923833,0.011524685891228492,0.652626017721327,0.02621730789714573,0.07876749192680302,0.007383089576269371,0.07876749192680302,0.007383089576269371,0.3942208904109589,0.02482430138157604,0.0,0.0,0.7951986076986077,0.0008839306088486796,0.0898815931108719,0.002206017387720042,276601f078f0d170c8efb8e4e2223932df29aa160b44f2b2a5b0e9d2b387deab
audit,adult_income,mean_ensemble,confidence_distortion,40,97680,0.8563165438165439,0.00013542953066464133,0.14368345618345618,0.00013542953066464133,0.7317925118611043,0.00048198680549757695,0.6301369863013698,0.0,0.6771708505508767,0.00020619469048906847,0.8563165438165439,0.00013542953066464133,0.6771708505508767,0.00020619469048906847,0.07259149623250807,0.0001779972625850784,0.07259149623250807,0.0001779972625850784,0.3698630136986301,0.0,0.0,0.0,0.7940724815724816,0.00013542953066464133,0.07265877287405813,0.0,ab56275e6c99f58ef042f8f8f4e77a726ae7465231dbc9fe58257f5f128b3cf6
audit,adult_income,mean_ensemble,distribution_shift,40,72700,0.867723838842635,0.013091838988514432,0.132276161157365,0.013091838988514432,0.773484437942178,0.04281672829634351,0.690842185691261,0.05239238718526224,0.7297305997788085,0.0480432780265986,0.867723838842635,0.013091838988514432,0.7297305997788085,0.0480432780265986,0.07062754646737837,0.005666815628805564,0.07062754646737837,0.005666815628805564,0.30915781430873907,0.052392387185262235,0.0,0.0,0.7651598916929793,0.024541816245402,0.06239698516586389,0.0021963162695428154,35b600c061029c1ff0a388102548e7bc3253190768fabb744649b2231972fd9b
audit,adult_income,mean_ensemble,feature_noise,40,97680,0.8428439803439803,0.016362984465145624,0.15715601965601966,0.016362984465145624,0.7172832686102276,0.023904242319101973,0.5618578767123288,0.07652805838444411,0.6282389671344173,0.058120112624511375,0.8428439803439803,0.016362984465145624,0.6282389671344173,0.058120112624511375,0.06883745963401507,0.003972946293640598,0.06883745963401507,0.003972946293640598,0.4381421232876712,0.07652805838444413,0.0,0.0,0.8132575757575757,0.02050417406448578,0.0647470398277718,0.004258691121033016,39504667ce376a1ec957a40e137e1f682b5a74c998399892203d95fc27a787fb
audit,adult_income,mean_ensemble,label_noise,40,97680,0.8566748566748567,0.0,0.14332514332514334,0.0,0.7330677290836654,0.0,0.6301369863013698,0.0,0.6777163904235727,0.0,0.5751433251433251,0.24873794443800315,0.4029590931529916,0.1993493327722345,0.0721205597416577,0.0,0.0721205597416577,0.0,0.3698630136986301,0.0,0.0,0.0,0.7944307944307945,0.0,0.0721205597416577,0.0,f686591cfbbcb5fbdfe2514e6d1915625ecc7549ef451c81424a47f597aae80b
audit,adult_income,mean_ensemble,missing_features,40,97680,0.8156122031122032,0.03532685621047937,0.18438779688779688,0.03532685621047937,0.6704803904265283,0.2565046457210932,0.34713184931506846,0.23513210423702288,0.42008233844950477,0.2476118370901236,0.8156122031122032,0.03532685621047937,0.42008233844950477,0.2476118370901236,0.03713670613562971,0.027728686258462924,0.03713670613562971,0.027728686258462924,0.6528681506849315,0.23513210423702288,0.0,0.0,0.8887285012285012,0.0772409387443787,0.0017222820236813777,0.0018921846965820179,df9af4a87bbe5b860f1e0c895a871d8cf82cf549d469e0ab5c9cddfe4e7c8f22
audit,adult_income,mean_ensemble,random_feature_deletion,40,97680,0.818980343980344,0.03789549070614299,0.18101965601965603,0.03789549070614299,0.60485489320533,0.3367166612587077,0.36549657534246577,0.254105478380332,0.42915986091480945,0.2685607866155356,0.818980343980344,0.03789549070614299,0.42915986091480945,0.2685607866155356,0.038482238966630784,0.03160484485655282,0.038482238966630784,0.03160484485655282,0.6345034246575343,0.254105478380332,0.0,0.0,0.8833128583128583,0.08429782264752202,0.002798708288482239,0.008218287189074872,f501c27aeafeb51d561093001f37336f9880bed38813e346fac53efbca77aef5
audit,adult_income,mean_ensemble,specialist_failure,40,97680,0.6996826371826372,0.26589326533787716,0.3003173628173628,0.26589326533787716,0.6039986146886247,0.21069095013829386,0.7157534246575342,0.16419616887361174,0.5984119077206859,0.12269076953453481,0.6996826371826372,0.26589326533787716,0.5984119077206859,0.12269076953453481,0.3053686759956943,0.4010495921255911,0.3053686759956943,0.4010495921255911,0.2842465753424658,0.16419616887361174,0.0,0.0,0.596488533988534,0.34439014491115677,1.0,0.0,2d02961d84138ea576531af5a9998aa8f73dd5f1eb76682f63368846038a8232
audit,adult_income,mean_ensemble,synthetic_sensor_failure,40,97680,0.7967854217854218,0.03724076403260275,0.20321457821457822,0.03724076403260275,0.34299809495641886,0.3435359973040928,0.27589897260273977,0.27774642627743135,0.3056838386302019,0.30688157513297654,0.7967854217854218,0.03724076403260275,0.3056838386302019,0.30688157513297654,0.03949138858988159,0.03959063160376458,0.03949138858988159,0.03959063160376458,0.7241010273972602,0.27774642627743135,0.0,0.0,0.9039721539721539,0.09618618951800907,0.0,0.0,151420154ec0a6a635d5d75d4d9b452c647c722b203dc449d5a67345b8169ca0
audit,adult_income,pure_mavs_gc,adversarial_confidence_inflation,40,97680,0.845505733005733,0.008537365409143318,0.154494266994267,0.008537365409143318,0.7319036462756616,0.030519183396076538,0.5603167808219178,0.004969995530980863,0.6345419307074932,0.01466963802207814,0.845505733005733,0.008537365409143318,0.6345419307074932,0.01466963802207814,0.06485468245425188,0.00972439579401878,0.06485468245425188,0.00972439579401878,0.4396832191780822,0.004969995530980845,0.0,0.0,0.8166564291564292,0.006278849561540558,0.07960172228202368,0.002801294656549646,3c343d317268019558a8d1f1d87a2eee66433699c4fbf689d268601437e64f38
audit,adult_income,pure_mavs_gc,confidence_distortion,40,97680,0.848996723996724,0.00287927131663088,0.151003276003276,0.00287927131663088,0.7970949978380957,0.03948200004572166,0.5004280821917808,0.051489230605649895,0.611524365713567,0.02915767630021276,0.848996723996724,0.00287927131663088,0.611524365713567,0.02915767630021276,0.041442411194833155,0.012945116760824212,0.041442411194833155,0.012945116760824212,0.4995719178082192,0.051489230605649895,0.0,0.0,0.8487919737919738,0.022112785132348628,0.0228740581270183,0.004574811625403659,c0f119e55b387472823d8fbbf8ada1763d0bf9599f9fa5c38d4cc1ae46ac119a
audit,adult_income,pure_mavs_gc,distribution_shift,40,72700,0.863518741642389,0.012497802269760102,0.13648125835761107,0.012497802269760102,0.7970178761337906,0.040011960051016524,0.632902981673915,0.06151009365919835,0.7051386075986559,0.0534167548617999,0.863518741642389,0.012497802269760102,0.7051386075986559,0.0534167548617999,0.0560150700589328,0.0037850406760805196,0.0560150700589328,0.0037850406760805196,0.36709701832608505,0.06151009365919838,0.0,0.0,0.7909961981891577,0.02753584523159567,0.051399401513817985,0.0012321774335504292,15cf4078131ea9ef63fd39a4e896670fea518d9bfc5b529eb118f32252f7b347
audit,adult_income,pure_mavs_gc,feature_noise,40,97680,0.8401822276822277,0.01551757684921313,0.15981777231777233,0.01551757684921313,0.7623580948736521,0.015205338627131557,0.48120719178082194,0.08945380471905887,0.5851495123259107,0.07232344570152577,0.8401822276822277,0.01551757684921313,0.5851495123259107,0.07232344570152577,0.04698600645855759,0.00849303051507184,0.04698600645855759,0.00849303051507184,0.5187928082191781,0.08945380471905888,0.0,0.0,0.8491707616707617,0.027532072244980756,0.035252960172228204,0.0031128081250637787,5e25afd5ef2d193a8b12e158494927dd7db02baf453f9c90a9cf7aeeefeb1e86
audit,adult_income,pure_mavs_gc,label_noise,40,97680,0.8533988533988534,0.0,0.14660114660114665,0.0,0.7603686635944701,0.0,0.565068493150685,0.0,0.6483300589390963,0.0,0.5742219492219492,0.24624192524884495,0.37399360178248475,0.1968970935419493,0.05597416576964478,0.0,0.05597416576964478,0.0,0.4349315068493151,0.0,0.0,0.0,0.8222768222768223,0.0,0.05597416576964478,0.0,d7b770e6cb713d7667127abae677f318500c7d481d31d288d0562853564ad70c
audit,adult_income,pure_mavs_gc,missing_features,40,97680,0.8120597870597871,0.03452976681676659,0.18794021294021293,0.03452976681676659,0.706319251791092,0.2715686738075732,0.2975171232876712,0.21057284254782577,0.3834543641364495,0.23965902355667032,0.8120597870597871,0.03452976681676659,0.3834543641364495,0.23965902355667032,0.02621097954790097,0.021135130139705464,0.02621097954790097,0.021135130139705464,0.7024828767123288,0.21057284254782577,0.0,0.0,0.908906633906634,0.06630802741479705,0.0007534983853606028,0.0009982366518294622,7d62a6b369fc074a5fc5f90b3528521fefef7f5235ddd4a56a2181d49591b471
audit,adult_income,pure_mavs_gc,random_feature_deletion,40,97680,0.8148136773136773,0.037435201475176545,0.18518632268632268,0.037435201475176545,0.6137020466415192,0.3623102442847968,0.3122431506849315,0.23172514114193354,0.38904215927784147,0.2653242655052612,0.8148136773136773,0.037435201475176545,0.38904215927784147,0.2653242655052612,0.027220129171151776,0.0248611032080254,0.027220129171151776,0.0248611032080254,0.6877568493150685,0.23172514114193352,0.0,0.0,0.9046171171171171,0.07386622301012108,0.00021528525296017224,0.0004932804838488525,9bc84892949f66e5e439388571c9760448780533c102c429cabeb8891ad55031
audit,adult_income,pure_mavs_gc,specialist_failure,40,97680,0.8273955773955773,0.038703204990829285,0.17260442260442263,0.038703204990829285,0.5917635199240987,0.3422685300818885,0.3824914383561644,0.22588293416162167,0.4625247395748223,0.2687640439571308,0.8273955773955773,0.038703204990829285,0.4625247395748223,0.2687640439571308,0.03276372443487621,0.020899442947625354,0.03276372443487621,0.020899442947625354,0.6175085616438356,0.22588293416162164,0.0,0.0,0.8835995085995085,0.06959873284727791,0.0,0.0,50edd84724a2df68ec7f3bcfc01dc3601393ee557bd652adbba30f897ffcb732
audit,adult_income,pure_mavs_gc,synthetic_sensor_failure,40,97680,0.7893120393120393,0.03196136923685724,0.2106879606879607,0.03196136923685724,0.36374687035088354,0.3639943851891986,0.1875,0.20292179613855021,0.2439290855296782,0.25257329609566087,0.7893120393120393,0.03196136923685724,0.2439290855296782,0.25257329609566087,0.021528525296017224,0.0221649733928676,0.021528525296017224,0.0221649733928676,0.8125,0.20292179613855021,0.0,0.0,0.9387796887796888,0.06524788624167499,0.0,0.0,e57afe306bfc105c37a9383b20e68d3e42f2619e25bdf402b2a2a5a2e62e70f1
audit,adult_income,single_model,adversarial_confidence_inflation,40,97680,0.855036855036855,0.0,0.144963144963145,0.0,0.7228682170542635,0.0,0.6386986301369864,0.0,0.6781818181818182,0.0,0.855036855036855,0.0,0.6781818181818182,0.0,0.07696447793326157,0.0,0.07696447793326157,0.0,0.3613013698630137,0.0,0.0,0.0,0.7886977886977887,0.0,0.07696447793326157,0.0,20c45b92fbf7140876a92c986320d741051ba8874f66e9cc25b91badfa39fa7f
audit,adult_income,single_model,confidence_distortion,40,97680,0.855036855036855,0.0,0.144963144963145,0.0,0.7228682170542635,0.0,0.6386986301369864,0.0,0.6781818181818182,0.0,0.855036855036855,0.0,0.6781818181818182,0.0,0.07696447793326157,0.0,0.07696447793326157,0.0,0.3613013698630137,0.0,0.0,0.0,0.7886977886977887,0.0,0.07696447793326157,0.0,12b6ed9ad0fb1b8b955a0cd31918056e1f79ee35e18fd71792c52f5309d162d0
audit,adult_income,single_model,distribution_shift,40,72700,0.8640737899571729,0.010460074065846998,0.13592621004282707,0.010460074065846998,0.7595229582596759,0.03806211285718907,0.6957196442220237,0.04808183783297798,0.7261261015976671,0.04325153465221311,0.8640737899571729,0.010460074065846998,0.7261261015976671,0.04325153465221311,0.07725655732773655,0.00394358326233142,0.07725655732773655,0.00394358326233142,0.30428035577797624,0.04808183783297798,0.0,0.0,0.759132077196009,0.024955992381415576,0.0726744651229777,0.0009041301947480471,029c41300644483b6ca1d086f84bb89e4cfb20417c128d16df809bd47819782d
audit,adult_income,single_model,feature_noise,40,97680,0.8413288288288289,0.016464510651429783,0.15867117117117116,0.016464510651429783,0.7031741722595656,0.028584420323514485,0.5783818493150685,0.0684272880037595,0.6335368712413831,0.052689501702258605,0.8413288288288289,0.016464510651429783,0.6335368712413831,0.052689501702258605,0.07602260495156082,0.004185883219111893,0.07602260495156082,0.004185883219111893,0.4216181506849315,0.06842728800375948,0.0,0.0,0.8038390663390663,0.01687556292635322,0.07604951560818084,0.007001116477681002,647fef4ca9a3f2abf15f2bc97acac3a991287844b93302f5ec25d110fe1ec922
audit,adult_income,single_model,label_noise,40,97680,0.855036855036855,0.0,0.144963144963145,0.0,0.7228682170542635,0.0,0.6386986301369864,0.0,0.6781818181818182,0.0,0.5746723996723997,0.24771414866826724,0.40691139665128745,0.19742471936708436,0.07696447793326157,0.0,0.07696447793326157,0.0,0.3613013698630137,0.0,0.0,0.0,0.7886977886977887,0.0,0.07696447793326157,0.0,68e0fd288dfcb0288b4d935a61b6b3a5eb07c486555cdd275185555a61dfe057
audit,adult_income,single_model,missing_features,40,97680,0.8143632268632268,0.034045764982970496,0.18563677313677313,0.034045764982970496,0.6352345463727521,0.2407962773980835,0.36305650684931506,0.23292092886407595,0.43220883983900793,0.2403734467080173,0.8143632268632268,0.034045764982970496,0.43220883983900793,0.2403734467080173,0.043783638320775024,0.0286455186354965,0.043783638320775024,0.0286455186354965,0.6369434931506849,0.23292092886407595,0.0,0.0,0.8798628173628174,0.07743704106982334,0.004359526372443487,0.004544316776708654,9e06e58e59994e4b825679c3abfced4a33a51f3b0d8805d4ea05c0b9405cb969
audit,adult_income,single_model,random_feature_deletion,40,97680,0.81747542997543,0.0371588609120234,0.18252457002457004,0.0371588609120234,0.6077809267459058,0.3160989943994164,0.3764554794520548,0.26414844163632045,0.43080653522226203,0.27124169951871346,0.81747542997543,0.0371588609120234,0.43080653522226203,0.27124169951871346,0.043904736275565126,0.035679286314817246,0.043904736275565126,0.035679286314817246,0.6235445205479452,0.26414844163632045,0.0,0.0,0.8765663390663391,0.0898563197879714,0.003013993541442411,0.008685766173248306,6249927f6f2d5934f14011875efe14fb4dc61bd01fb75bec3ba9d8dbae93e50e
audit,adult_income,single_model,specialist_failure,40,97680,0.5470925470925471,0.30794430794430794,0.45290745290745293,0.30794430794430794,0.4810082281012513,0.2418599889530122,0.8193493150684932,0.18065068493150682,0.5320849606441147,0.14609685753770354,0.5470925470925471,0.30794430794430794,0.5320849606441147,0.14609685753770354,0.5384822389666308,0.4615177610333692,0.5384822389666308,0.4615177610333692,0.18065068493150685,0.18065068493150685,0.0,0.0,0.39434889434889436,0.39434889434889436,1.0,0.0,ff8f947116fdf590082b8ec2e9c6f03a2cc21578e4c4461d916fa4dbe1ff5909
audit,adult_income,single_model,synthetic_sensor_failure,40,97680,0.791513104013104,0.03346800869801168,0.20848689598689596,0.03346800869801168,0.32145493544936327,0.3231080805418043,0.2891695205479452,0.2902175476180989,0.3044492771379564,0.30576034862737417,0.791513104013104,0.03346800869801168,0.3044492771379564,0.30576034862737417,0.05059203444564047,0.051549187323479385,0.05059203444564047,0.051549187323479385,0.7108304794520548,0.2902175476180989,0.0,0.0,0.8923525798525799,0.10765975994821522,0.0,0.0,cd22df38cb7f555d1cbb355d79aa86eceb7388fcbbfb2f055bc17a08e784b6cd
audit,adult_income,static_weighted_ensemble,adversarial_confidence_inflation,40,97680,0.8484643734643734,0.006568589528359063,0.15153562653562655,0.006568589528359063,0.7105448477693015,0.015007510940972899,0.6180650684931507,0.01556689562342866,0.6610811786461029,0.015350884775879457,0.8484643734643734,0.006568589528359063,0.6610811786461029,0.015350884775879457,0.07911733046286329,0.0038095453970261334,0.07911733046286329,0.0038095453970261334,0.3819349315068493,0.015566895623428669,0.0,0.0,0.791994266994267,0.0011724519494037999,0.08455328310010764,0.0012378902045209923,08678b6b93b6edb137739e5e571e60d7f1d46c5c2d239cd00982d0c36fad9d84
audit,adult_income,static_weighted_ensemble,confidence_distortion,40,97680,0.855036855036855,0.0,0.144963144963145,0.0,0.7254901960784313,0.0,0.6335616438356164,0.0,0.6764168190127972,0.0,0.855036855036855,0.0,0.6764168190127972,0.0,0.07534983853606028,0.0,0.07534983853606028,0.0,0.3664383561643836,0.0,0.0,0.0,0.7911547911547911,0.0,0.07534983853606028,0.0,1c50f8d38fac4ca2f87cdbbef4842a68a242cf3a1367b52ddb72881e5627403a
audit,adult_income,static_weighted_ensemble,distribution_shift,40,72700,0.8645636323112629,0.0109480910794762,0.13543636768873712,0.0109480910794762,0.7625814689028835,0.03835620450875065,0.692706975289417,0.050116821201219255,0.7258482984888641,0.044570461503331674,0.8645636323112629,0.0109480910794762,0.7258482984888641,0.044570461503331674,0.07557775620246338,0.003946679893523212,0.07557775620246338,0.003946679893523212,0.30729302471058295,0.05011682120121926,0.0,0.0,0.7611154693136681,0.025446551406215105,0.07100222432030212,0.000768110607927544,3182407555cf6183c7e3c2c8ac105d9dfa90b4730cfc499a706a9bc53f7cd621
audit,adult_income,static_weighted_ensemble,feature_noise,40,97680,0.8389434889434889,0.01874089708250636,0.16105651105651106,0.01874089708250636,0.6979205906136073,0.03800703593022051,0.5714041095890411,0.0654606961445265,0.6276383507054204,0.05458091565726038,0.8389434889434889,0.01874089708250636,0.6276383507054204,0.05458091565726038,0.07696447793326157,0.005846491114747156,0.07696447793326157,0.005846491114747156,0.4285958904109589,0.06546069614452651,0.0,0.0,0.8047911547911548,0.013360386241223062,0.08369214208826695,0.007848505805734204,8146e1c17bb65d916cd1512b42c9d1ff2073e0cb6e714526bab410d80b651325
audit,adult_income,static_weighted_ensemble,label_noise,40,97680,0.855036855036855,0.0,0.144963144963145,0.0,0.7254901960784313,0.0,0.6335616438356164,0.0,0.6764168190127972,0.0,0.5749180999181,0.24757747497488095,0.405047550420798,0.1973047823655465,0.07534983853606028,0.0,0.07534983853606028,0.0,0.3664383561643836,0.0,0.0,0.0,0.7911547911547911,0.0,0.07534983853606028,0.0,a6831c102b139c859868c39b381ab8e83ec5ad9634e4dead0cdf0188be5cc93d
audit,adult_income,static_weighted_ensemble,missing_features,40,97680,0.8151003276003276,0.03421203607057387,0.1848996723996724,0.03421203607057387,0.6517815753733724,0.2479996155100444,0.3571917808219178,0.23275700740907812,0.4284209967482644,0.24232913990670066,0.8151003276003276,0.03421203607057387,0.4284209967482644,0.24232913990670066,0.040971474703982776,0.028358568819630968,0.040971474703982776,0.028358568819630968,0.6428082191780822,0.23275700740907812,0.0,0.0,0.8834049959049959,0.07718468919280641,0.002798708288482239,0.002965549475555632,deb80fbf13d2b9de2e96c0594c35fdcc9fa7b023b67544e3fd355974d4316b94
audit,adult_income,static_weighted_ensemble,random_feature_deletion,40,97680,0.8182637182637182,0.03704340342191307,0.18173628173628173,0.03704340342191307,0.6130068567812756,0.3171769210981212,0.3744434931506849,0.2580091926194582,0.4331918036623622,0.267895666468773,0.8182637182637182,0.03704340342191307,0.4331918036623622,0.267895666468773,0.04223627556512379,0.033861902285629596,0.04223627556512379,0.033861902285629596,0.6255565068493151,0.2580091926194582,0.0,0.0,0.8783169533169534,0.08700416844137387,0.003229278794402583,0.008634924837753027,61cea781e4b3b1645b01ae252c1894e760e5fe7469c2a021d0b4e03fa42b973c
audit,adult_income,static_weighted_ensemble,specialist_failure,40,97680,0.7005528255528255,0.26639337359595655,0.2994471744471745,0.2663933735959566,0.6048132168894119,0.21112198612054114,0.7200342465753424,0.16185583309097415,0.6012170631899781,0.1243345981565901,0.7005528255528255,0.26639337359595655,0.6012170631899781,0.1243345981565901,0.30557050592034446,0.40093200555931163,0.30557050592034446,0.40093200555931163,0.27996575342465757,0.16185583309097415,0.0,0.0,0.5953112203112203,0.3437177704547223,1.0,0.0,18cb5a88ca1198ed3008cccb3152ca3b993f1b65da8663e2334fc180f41abb9f
audit,adult_income,static_weighted_ensemble,synthetic_sensor_failure,40,97680,0.7896703521703522,0.03245205969847902,0.21032964782964783,0.03245205969847902,0.33851236146632563,0.3390901097742541,0.22559931506849315,0.23756633267415586,0.2686209936575469,0.27456421931838676,0.7896703521703522,0.03245205969847902,0.2686209936575469,0.27456421931838676,0.03303283100107643,0.03324957011648625,0.03303283100107643,0.03324957011648625,0.7744006849315068,0.23756633267415586,0.0,0.0,0.9209152334152334,0.08174597435530424,0.0,0.0,b734acb18de242483780f6438803b65ce508e69258895e877f3326ebfbb59ca6
audit,adult_income,veto_mavs,adversarial_confidence_inflation,40,97680,0.8457923832923833,0.011524685891228492,0.1542076167076167,0.011524685891228492,0.7073329202103914,0.02781967806851905,0.6057791095890411,0.024824301381576028,0.652626017721327,0.02621730789714573,0.8457923832923833,0.011524685891228492,0.652626017721327,0.02621730789714573,0.07876749192680302,0.007383089576269371,0.07876749192680302,0.007383089576269371,0.3942208904109589,0.02482430138157604,0.0,0.0,0.7951986076986077,0.0008839306088486796,0.0898815931108719,0.002206017387720042,c2293e67a793297a782e0507bfce38b24da68af1491a104bbf5e8b9ccfb8624d
audit,adult_income,veto_mavs,confidence_distortion,40,97680,0.8563165438165439,0.00013542953066464133,0.14368345618345618,0.00013542953066464133,0.7317925118611043,0.00048198680549757695,0.6301369863013698,0.0,0.6771708505508767,0.00020619469048906847,0.8563165438165439,0.00013542953066464133,0.6771708505508767,0.00020619469048906847,0.07259149623250807,0.0001779972625850784,0.07259149623250807,0.0001779972625850784,0.3698630136986301,0.0,0.0,0.0,0.7940724815724816,0.00013542953066464133,0.07265877287405813,0.0,e32cc6bf42704050c57068e8ec34a64dc571a5e941b56da8326a72bce26228b2
audit,adult_income,veto_mavs,distribution_shift,40,72700,0.867723838842635,0.013091838988514432,0.132276161157365,0.013091838988514432,0.773484437942178,0.04281672829634351,0.690842185691261,0.05239238718526224,0.7297305997788085,0.0480432780265986,0.867723838842635,0.013091838988514432,0.7297305997788085,0.0480432780265986,0.07062754646737837,0.005666815628805564,0.07062754646737837,0.005666815628805564,0.30915781430873907,0.052392387185262235,0.0,0.0,0.7651598916929793,0.024541816245402,0.06239698516586389,0.0021963162695428154,f9cb09b2f711dfff3ea33d2c114859e68554dc632f449ee6e1dd41c455d08389
audit,adult_income,veto_mavs,feature_noise,40,97680,0.8428439803439803,0.016362984465145624,0.15715601965601966,0.016362984465145624,0.7172832686102276,0.023904242319101973,0.5618578767123288,0.07652805838444411,0.6282389671344173,0.058120112624511375,0.8428439803439803,0.016362984465145624,0.6282389671344173,0.058120112624511375,0.06883745963401507,0.003972946293640598,0.06883745963401507,0.003972946293640598,0.4381421232876712,0.07652805838444413,0.0,0.0,0.8132575757575757,0.02050417406448578,0.0647470398277718,0.004258691121033016,37529e132131cf91e2f943ac3776f1f71033a57365613209cc86d52e47fbc440
audit,adult_income,veto_mavs,label_noise,40,97680,0.8566748566748567,0.0,0.14332514332514334,0.0,0.7330677290836654,0.0,0.6301369863013698,0.0,0.6777163904235727,0.0,0.5751433251433251,0.24873794443800315,0.4029590931529916,0.1993493327722345,0.0721205597416577,0.0,0.0721205597416577,0.0,0.3698630136986301,0.0,0.0,0.0,0.7944307944307945,0.0,0.0721205597416577,0.0,79a14492c59351e9921fe8bc039cf1c1bfa0c55a5b4dbe86d39c76b256e5f7d5
audit,adult_income,veto_mavs,missing_features,40,97680,0.8156122031122032,0.03532685621047937,0.18438779688779688,0.03532685621047937,0.6704803904265283,0.2565046457210932,0.34713184931506846,0.23513210423702288,0.42008233844950477,0.2476118370901236,0.8156122031122032,0.03532685621047937,0.42008233844950477,0.2476118370901236,0.03713670613562971,0.027728686258462924,0.03713670613562971,0.027728686258462924,0.6528681506849315,0.23513210423702288,0.0,0.0,0.8887285012285012,0.0772409387443787,0.0017222820236813777,0.0018921846965820179,3001c9d1473aff352f0b1da2ec69c841b2875000bf888cb80abd224a0a181dac
audit,adult_income,veto_mavs,random_feature_deletion,40,97680,0.818980343980344,0.03789549070614299,0.18101965601965603,0.03789549070614299,0.60485489320533,0.3367166612587077,0.36549657534246577,0.254105478380332,0.42915986091480945,0.2685607866155356,0.818980343980344,0.03789549070614299,0.42915986091480945,0.2685607866155356,0.038482238966630784,0.03160484485655282,0.038482238966630784,0.03160484485655282,0.6345034246575343,0.254105478380332,0.0,0.0,0.8833128583128583,0.08429782264752202,0.002798708288482239,0.008218287189074872,c275bfb932afdb763fd280979bb30ec156a1cc8093657fef17baf1f40d117e1f
audit,adult_income,veto_mavs,specialist_failure,40,97680,0.6996826371826372,0.26589326533787716,0.3003173628173628,0.26589326533787716,0.6039986146886247,0.21069095013829386,0.7157534246575342,0.16419616887361174,0.5984119077206859,0.12269076953453481,0.6996826371826372,0.26589326533787716,0.5984119077206859,0.12269076953453481,0.3053686759956943,0.4010495921255911,0.3053686759956943,0.4010495921255911,0.2842465753424658,0.16419616887361174,0.0,0.0,0.596488533988534,0.34439014491115677,1.0,0.0,f71a207434495460345d7dac92a3e3087fb6b50ea921b4852d9b118c0924fd61
audit,adult_income,veto_mavs,synthetic_sensor_failure,40,97680,0.7967854217854218,0.03724076403260275,0.20321457821457822,0.03724076403260275,0.34299809495641886,0.3435359973040928,0.27589897260273977,0.27774642627743135,0.3056838386302019,0.30688157513297654,0.7967854217854218,0.03724076403260275,0.3056838386302019,0.30688157513297654,0.03949138858988159,0.03959063160376458,0.03949138858988159,0.03959063160376458,0.7241010273972602,0.27774642627743135,0.0,0.0,0.9039721539721539,0.09618618951800907,0.0,0.0,eb74811f66ec070b1833e417ad8cc4bf5e9e55f141fb92365af711da0ed5b147
audit,bank_marketing,mean_ensemble,adversarial_confidence_inflation,40,90400,0.8972345132743362,0.011101588263062415,0.10276548672566371,0.011101588263062415,0.583561712517488,0.0655836516015844,0.4232007575757576,0.04353579250449554,0.490585715285792,0.05240124027904084,0.8972345132743362,0.011101588263062415,0.490585715285792,0.05240124027904084,0.04006763527054108,0.006846965017149165,0.04006763527054108,0.006846965017149165,0.5767992424242424,0.04353579250449555,0.0,0.0,0.9151769911504425,0.0012716909613451016,0.05065130260521042,0.0030675890811305874,ec50faa439750423b0187fd732136279397f9af83e559384ff65025051247a1a
audit,bank_marketing,mean_ensemble,confidence_distortion,40,90400,0.9070796460176991,0.0,0.09292035398230092,0.0,0.6421052631578947,0.0,0.4621212121212121,0.0,0.5374449339207048,0.0,0.9070796460176991,0.0,0.5374449339207048,0.0,0.03406813627254509,0.0,0.03406813627254509,0.0,0.5378787878787878,0.0,0.0,0.0,0.915929203539823,0.0,0.03406813627254509,0.0,d3bbbed719fe992688dd106d8916dd91b4a0cae268e7c8b26cd0231a1e2d3f77
audit,bank_marketing,mean_ensemble,distribution_shift,40,67280,0.8852060815291365,0.021028186670677115,0.11479391847086354,0.021028186670677115,0.6424018241912036,0.004073862237907718,0.5083977816780332,0.051538937356559754,0.5661426731864491,0.030144104663482996,0.8852060815291365,0.021028186670677115,0.5661426731864491,0.030144104663482996,0.051443404448199705,0.019726298949348787,0.051443404448199705,0.019726298949348787,0.4916022183219668,0.051538937356559754,0.0,0.0,0.8794774173753203,0.03964888773935977,0.08154684684684685,0.012853153153153149,99784b1dab28b4a93e048f04488d17298d761addf159ba33b56bc9717623267c
audit,bank_marketing,mean_ensemble,feature_noise,40,90400,0.8971349557522124,0.012501463419700667,0.10286504424778763,0.012501463419700667,0.5838749447022841,0.07181674235848838,0.4315340909090909,0.037863514913346386,0.4958767079615534,0.050311217575419426,0.8971349557522124,0.012501463419700667,0.4958767079615534,0.050311217575419426,0.04128256513026052,0.009715951898103443,0.04128256513026052,0.009715951898103443,0.5684659090909091,0.037863514913346406,0.0,0.0,0.9131305309734513,0.005486892928509534,0.05495991983967936,0.008192723257540257,8225ff01116cf6747720a12a91fa58b3c2a48dcc0d29665a41691360a5ab26ef
audit,bank_marketing,mean_ensemble,label_noise,40,90400,0.9070796460176991,0.0,0.09292035398230092,0.0,0.6421052631578947,0.0,0.4621212121212121,0.0,0.5374449339207048,0.0,0.5861836283185841,0.2844040185684099,0.2585979151747336,0.16678327452512767,0.03406813627254509,0.0,0.03406813627254509,0.0,0.5378787878787878,0.0,0.0,0.0,0.915929203539823,0.0,0.03406813627254509,0.0,9f89f1728bed799f839d7bfe406b8e97b98db2848ca84431db42bccb6307ee32
audit,bank_marketing,mean_ensemble,missing_features,40,90400,0.8964491150442477,0.009314914679393263,0.10355088495575222,0.009314914679393263,0.5494684049640196,0.2112023206177101,0.265719696969697,0.17337885060734687,0.33770228022782495,0.19738460720408843,0.8964491150442477,0.009314914679393263,0.33770228022782495,0.19738460720408843,0.020127755511022045,0.012775987015628858,0.020127755511022045,0.012775987015628858,0.734280303030303,0.17337885060734687,0.0,0.0,0.951183628318584,0.0314363929830157,0.0022044088176352704,0.0022761155694590272,41a6933cc2b4f1701d2c077be85199c5b221acda1c1df086d49ac888ebc66c32
audit,bank_marketing,mean_ensemble,random_feature_deletion,40,90400,0.8949115044247787,0.010036545329392707,0.10508849557522125,0.010036545329392707,0.49182579465775966,0.25042957304798813,0.26486742424242427,0.18965963843721464,0.32627349015686097,0.213796840932689,0.8949115044247787,0.010036545329392707,0.32627349015686097,0.213796840932689,0.021756012024048095,0.014716539456617456,0.021756012024048095,0.014716539456617456,0.7351325757575757,0.18965963843721464,0.0,0.0,0.9498451327433628,0.03491155349548465,0.006362725450901803,0.010060165150918926,c70941bbbf9f2c7a5263c663c1967c231ab213b4d7c945a8ed51318ebfd435b5
audit,bank_marketing,mean_ensemble,specialist_failure,40,90400,0.7104535398230089,0.34274659725075546,0.28954646017699115,0.34274659725075546,0.511656711764483,0.2281748315246469,0.6117424242424242,0.22523550321831856,0.46563240267206424,0.14912559179435944,0.7104535398230089,0.34274659725075546,0.46563240267206424,0.14912559179435944,0.27649048096192386,0.4177186972451949,0.27649048096192386,0.4177186972451949,0.38825757575757575,0.22523550321831853,0.0,0.0,0.6843473451327433,0.3951176885157346,1.0,0.0,8d7fee7aec475101f063f0406e826e9b5016d8c02f907db80325e786822ebf73
audit,bank_marketing,mean_ensemble,synthetic_sensor_failure,40,90400,0.8905973451327434,0.006614082269414482,0.10940265486725663,0.006614082269414482,0.54875055285272,0.22512402204378454,0.2040719696969697,0.14355807620502187,0.27345815065952234,0.16935057826955302,0.8905973451327434,0.006614082269414482,0.27345815065952234,0.16935057826955302,0.018599699398797593,0.013058378408195247,0.018599699398797593,0.013058378408195247,0.7959280303030303,0.1435580762050219,0.0,0.0,0.9597345132743362,0.02801272883423791,0.000501002004008016,0.000501002004008016,df5e91869af86b9ad5fe28eddd7d6ad800268e07ab05cc23e948ac5b621ad164
audit,bank_marketing,pure_mavs_gc,adversarial_confidence_inflation,40,90400,0.900962389380531,0.008111892428432455,0.09903761061946902,0.008111892428432455,0.6377588926678938,0.06694410301677103,0.359280303030303,0.020704664648339123,0.45935321851925287,0.03424089070538524,0.900962389380531,0.008111892428432455,0.45935321851925287,0.03424089070538524,0.027392284569138278,0.006506652018193497,0.027392284569138278,0.006506652018193497,0.640719696969697,0.020704664648339102,0.0,0.0,0.9338384955752213,0.003455844984194341,0.03682364729458918,0.0009305699208921207,75a5e853f2c7eed17c872196bdb4113de34c5260ba46bf0dec90d8f6004e0909
audit,bank_marketing,pure_mavs_gc,confidence_distortion,40,90400,0.9052544247787611,0.0037049266019942755,0.09474557522123894,0.0037049266019942755,0.7329945465235163,0.02397294001355464,0.3020833333333333,0.06673953275131686,0.42213759038813836,0.06616512601905668,0.9052544247787611,0.0037049266019942755,0.42213759038813836,0.06616512601905668,0.014967434869739478,0.004840814389322491,0.014967434869739478,0.004840814389322491,0.6979166666666666,0.06673953275131685,0.0,0.0,0.9514933628318585,0.01201622280836669,0.008517034068136272,0.0,5ad3298dc83faed85d598ced5064da40ef8a4a5ef49a4f54359ff27ba6add404
audit,bank_marketing,pure_mavs_gc,distribution_shift,40,67280,0.8873679675244557,0.020769669088880446,0.11263203247554435,0.020769669088880446,0.7021924376998362,0.006154378303607948,0.4173449483553503,0.041038699607794396,0.5222234794198373,0.029920262411457916,0.8873679675244557,0.020769669088880446,0.5222234794198373,0.029920262411457916,0.032331860292351265,0.012902702690132264,0.032331860292351265,0.012902702690132264,0.5826550516446497,0.04103869960779441,0.0,0.0,0.9094170680411922,0.029885775410389295,0.051796396396396396,0.009003603603603604,1854cd2c7e81b2bcfdce45f16eacf0bec4e846b0d892f8eb50647e2919636df9
audit,bank_marketing,pure_mavs_gc,feature_noise,40,90400,0.899646017699115,0.008980883972119187,0.10035398230088496,0.008980883972119187,0.6321254631016203,0.07094072218516873,0.3353219696969697,0.043560503128995655,0.43802424228260384,0.05383611929005345,0.899646017699115,0.008980883972119187,0.43802424228260384,0.05383611929005345,0.025713927855711423,0.004798107858178972,0.025713927855711423,0.004798107858178972,0.6646780303030303,0.043560503128995655,0.0,0.0,0.9381194690265486,0.002654037480946752,0.031663326653306616,0.004087390391657543,74ef86e6e1b664b45387590dd45756a6c495388c73fffd2fc7bc8877d6643651
audit,bank_marketing,pure_mavs_gc,label_noise,40,90400,0.9088495575221239,0.0,0.09115044247787607,0.0,0.704225352112676,0.0,0.3787878787878788,0.0,0.4926108374384236,0.0,0.5870464601769911,0.28558353021874877,0.22275757671097726,0.15822858264971307,0.021042084168336674,0.0,0.021042084168336674,0.0,0.6212121212121212,0.0,0.0,0.0,0.9371681415929204,0.0,0.021042084168336674,0.0,4c2a95b166106202a917ba1c26c1e409193fd878a08c9d1f7049863b971bc9dc
audit,bank_marketing,pure_mavs_gc,missing_features,40,90400,0.8952101769911505,0.009489003563118664,0.10478982300884955,0.009489003563118664,0.5832034282131945,0.22418964984087225,0.1978219696969697,0.14199364585485602,0.27730398396636824,0.1826042065062884,0.8952101769911505,0.009489003563118664,0.27730398396636824,0.1826042065062884,0.012550100200400802,0.0083443158447677,0.012550100200400802,0.0083443158447677,0.8021780303030303,0.14199364585485602,0.0,0.0,0.9658075221238938,0.023850129596468546,0.0008016032064128256,0.0008735268423929205,66b243b1c2f8791794aa101ed46955a4cbf1c1627fb00483f34c833190b99b22
audit,bank_marketing,pure_mavs_gc,random_feature_deletion,40,90400,0.8950221238938053,0.01040470049110015,0.1049778761061947,0.01040470049110015,0.5168895147590845,0.28754965846639813,0.2,0.1566717219745893,0.27319637208674946,0.19966906711739946,0.8950221238938053,0.01040470049110015,0.27319637208674946,0.19966906711739946,0.013051102204408818,0.009693417794812363,0.013051102204408818,0.009693417794812363,0.8,0.1566717219745893,0.0,0.0,0.9651106194690265,0.02661230390706362,0.0022044088176352704,0.003472489669571835,2e9faba97839c3db8605c6b85eb57e9e6639f74f3180dab006ca8c78c70a6c85
audit,bank_marketing,pure_mavs_gc,specialist_failure,40,90400,0.8995022123893806,0.009664970572094306,0.10049778761061948,0.009664970572094306,0.5208473179502547,0.300946928665357,0.2509469696969697,0.15043113641168848,0.33688160498505326,0.1979147059954156,0.8995022123893806,0.009664970572094306,0.33688160498505326,0.1979147059954156,0.014716933867735472,0.009062936193781816,0.014716933867735472,0.009062936193781816,0.7490530303030303,0.15043113641168848,0.0,0.0,0.9576880530973452,0.02554034419141466,0.0,0.0,cd0d267461d44de5b2a6006db872a95f7e4568ba8d284a2e1e9a3c04b148b1f5
audit,bank_marketing,pure_mavs_gc,synthetic_sensor_failure,40,90400,0.8918141592920353,0.007486249697207376,0.10818584070796462,0.007486249697207376,0.6209409672570714,0.2644464265861263,0.15861742424242423,0.1202679476530118,0.23175083612430727,0.16092219142477548,0.8918141592920353,0.007486249697207376,0.23175083612430727,0.16092219142477548,0.01120991983967936,0.00855356387220226,0.01120991983967936,0.00855356387220226,0.8413825757575757,0.12026794765301181,0.0,0.0,0.971570796460177,0.02128009241037195,0.0,0.0,5caba71d2d8b583519f84280d29a10907e4390fa4e87948320860eebcae59de0
audit,bank_marketing,single_model,adversarial_confidence_inflation,40,90400,0.9075221238938053,0.0,0.09247787610619473,0.0,0.6244343891402715,0.0,0.5227272727272727,0.0,0.5690721649484536,0.0,0.9075221238938053,0.0,0.5690721649484536,0.0,0.04158316633266533,0.0,0.04158316633266533,0.0,0.4772727272727273,0.0,0.0,0.0,0.9022123893805309,0.0,0.04158316633266533,0.0,7678e9f3c293bcfa1624686ef795b54435c472a319237281dc5b096bf9c91003
audit,bank_marketing,single_model,confidence_distortion,40,90400,0.9075221238938053,0.0,0.09247787610619473,0.0,0.6244343891402715,0.0,0.5227272727272727,0.0,0.5690721649484536,0.0,0.9075221238938053,0.0,0.5690721649484536,0.0,0.04158316633266533,0.0,0.04158316633266533,0.0,0.4772727272727273,0.0,0.0,0.0,0.9022123893805309,0.0,0.04158316633266533,0.0,21d7b9faf1223a449d6e2cd7ddb7681625b15226f61e13ac3a68b7fdb749b573
audit,bank_marketing,single_model,distribution_shift,40,67280,0.8869630052262468,0.019613120223739944,0.11303699477375317,0.019613120223739944,0.6285540792415647,0.003554288535286479,0.5754167564551453,0.058022874286831186,0.5994403483939701,0.03133170183516526,0.8869630052262468,0.019613120223739944,0.5994403483939701,0.03133170183516526,0.061448639824699613,0.022231132217778567,0.061448639824699613,0.022231132217778567,0.42458324354485466,0.05802287428683119,0.0,0.0,0.8608532273571267,0.044652107684530526,0.0955036036036036,0.01329639639639639,abe755e5ed9e603bb854000433deeb02f906ccbae38ca7737689304c126afd11
audit,bank_marketing,single_model,feature_noise,40,90400,0.8912278761061947,0.01765006685575242,0.10877212389380532,0.01765006685575242,0.5456261805011248,0.07921446030199877,0.49242424242424243,0.031039811960417992,0.5164935178653125,0.05309761570614953,0.8912278761061947,0.01765006685575242,0.5164935178653125,0.05309761570614953,0.056024549098196395,0.01633869141907644,0.056024549098196395,0.01633869141907644,0.5075757575757576,0.031039811960417985,0.0,0.0,0.8929977876106194,0.011455344378620749,0.08026052104208417,0.011242556413848916,f819974ad3d15249176474aa3e617b32f52f9e42accf0eb8bf06d7c3636ee6b2
audit,bank_marketing,single_model,label_noise,40,90400,0.9075221238938053,0.0,0.09247787610619473,0.0,0.6244343891402715,0.0,0.5227272727272727,0.0,0.5690721649484536,0.0,0.5859181415929203,0.2845720856015814,0.2812794682726918,0.17362362637787335,0.04158316633266533,0.0,0.04158316633266533,0.0,0.4772727272727273,0.0,0.0,0.0,0.9022123893805309,0.0,0.04158316633266533,0.0,8d7c539e0d234dacf61b96917a435a13558358b567ef7357e60882c34b1ed324
audit,bank_marketing,single_model,missing_features,40,90400,0.894391592920354,0.008907656354286198,0.10560840707964603,0.008907656354286198,0.5071268029486434,0.1957691131853035,0.3009469696969697,0.190087649995732,0.3591923535067722,0.19976292987807331,0.894391592920354,0.008907656354286198,0.3591923535067722,0.19976292987807331,0.027116733466933867,0.01563623462074959,0.027116733466933867,0.01563623462074959,0.6990530303030303,0.190087649995732,0.0,0.0,0.940896017699115,0.03589132330867714,0.0045090180360721445,0.00465150075688784,c31a0957609c9b6798f489668e7bd38049ea9b82c5fb0df5ddddc4c85ba1e6c6
audit,bank_marketing,single_model,random_feature_deletion,40,90400,0.8935398230088496,0.009955653883486893,0.10646017699115046,0.009955653883486893,0.4513437041838445,0.24803173757572758,0.29857954545454546,0.20726808841914948,0.34659352697104534,0.21976931362189825,0.8935398230088496,0.009955653883486893,0.34659352697104534,0.21976931362189825,0.02776803607214429,0.018489583149205537,0.02776803607214429,0.018489583149205537,0.7014204545454545,0.2072680884191495,0.0,0.0,0.9405973451327434,0.040082823789517365,0.008316633266533067,0.013864636441756187,212e7c05bb7f6f3a83aa0a0eff91a078cd36eec9eabb97181b353e528be641e4
audit,bank_marketing,single_model,specialist_failure,40,90400,0.5121681415929203,0.3953539823008849,0.48783185840707965,0.3953539823008849,0.37062427421615346,0.25381011492411804,0.7613636363636364,0.23863636363636365,0.3891319620304867,0.17994020291796686,0.5121681415929203,0.3953539823008849,0.3891319620304867,0.17994020291796686,0.5207915831663327,0.47920841683366733,0.5207915831663327,0.47920841683366733,0.23863636363636365,0.23863636363636365,0.0,0.0,0.45110619469026547,0.45110619469026547,1.0,0.0,d56dd2bc88c5821536ce2a4584a1bc82297e45b8cb2c708540849eb6c583edf6
audit,bank_marketing,single_model,synthetic_sensor_failure,40,90400,0.8905420353982301,0.006800848610286274,0.1094579646017699,0.006800848610286274,0.541800165435165,0.22400428965271774,0.23058712121212122,0.16717636314743187,0.29174541956492916,0.18664960114279208,0.8905420353982301,0.006800848610286274,0.29174541956492916,0.18664960114279208,0.022169338677354707,0.016049179084693804,0.022169338677354707,0.016049179084693804,0.7694128787878788,0.16717636314743187,0.0,0.0,0.9534845132743363,0.03344108149203901,0.000501002004008016,0.000501002004008016,1bd2e869ec29df073babe188e2ac5312209ab8a04e23c84e0b4accb54a9405b3
audit,bank_marketing,static_weighted_ensemble,adversarial_confidence_inflation,40,90400,0.9019579646017699,0.008056188930541533,0.09804203539823009,0.008056188930541533,0.599969431536824,0.04235769339690359,0.4803977272727273,0.03901595597140634,0.533542154397526,0.0407680026888159,0.9019579646017699,0.008056188930541533,0.533542154397526,0.0407680026888159,0.04228456913827655,0.004006136834008779,0.04228456913827655,0.004006136834008779,0.5196022727272728,0.039015955971406335,0.0,0.0,0.906537610619469,0.0012956652097719135,0.04834669338677355,0.00185099731482076,450898c2e2ca34f594fccad983f789149d097669cb4d513f755b9634fc68e1f4
audit,bank_marketing,static_weighted_ensemble,confidence_distortion,40,90400,0.9089048672566372,0.00014633580260312658,0.0910951327433628,0.00014633580260312658,0.6358869729279101,0.0009867441597143315,0.5151515151515151,0.0,0.569186775786602,0.0003945314797689786,0.9089048672566372,0.00014633580260312658,0.569186775786602,0.0003945314797689786,0.03901553106212424,0.00016569083861877462,0.03901553106212424,0.00016569083861877462,0.48484848484848486,0.0,0.0,0.0,0.9053650442477876,0.00014633580260312658,0.03907815631262525,0.0,a2de17578bdbcf67843caa2829896622d14a074577f9d1c180f131a4c5210632
audit,bank_marketing,static_weighted_ensemble,distribution_shift,40,67280,0.8897731745169211,0.01844071209538924,0.110226825483079,0.01844071209538924,0.6437230775258457,0.004511195293692095,0.5673122081356193,0.057277008309338615,0.6017844039941946,0.03272126784250586,0.8897731745169211,0.01844071209538924,0.6017844039941946,0.03272126784250586,0.05661956488587848,0.020068002410851906,0.05661956488587848,0.020068002410851906,0.43268779186438067,0.057277008309338615,0.0,0.0,0.8661279438186593,0.04260970128384269,0.08732522522522523,0.01187477477477477,1dc0e9ec376a3c6daba66f623b231d59c665b4ce7c2a5e4ae3d685799f3c2097
audit,bank_marketing,static_weighted_ensemble,feature_noise,40,90400,0.8955752212389381,0.015247199512025524,0.10442477876106193,0.015247199512025524,0.568237011915139,0.07550275104470743,0.4823863636363636,0.031402291908366416,0.5208938446348431,0.04985983452394154,0.8955752212389381,0.015247199512025524,0.5208938446348431,0.04985983452394154,0.04977454909819639,0.013710233591683753,0.04977454909819639,0.013710233591683753,0.5176136363636363,0.031402291908366416,0.0,0.0,0.8996902654867257,0.009363505170095474,0.06968937875751503,0.010063657570983287,3ff34c9a9d579b6ad735330d3eeff696eaf06512c0bfff7feaffaf275b0d1314
audit,bank_marketing,static_weighted_ensemble,label_noise,40,90400,0.9092920353982301,0.0,0.09070796460176989,0.0,0.6384976525821596,0.0,0.5151515151515151,0.0,0.5702306079664571,0.0,0.5865818584070797,0.28573670310352134,0.27852185429030135,0.17553296503517105,0.03857715430861723,0.0,0.03857715430861723,0.0,0.48484848484848486,0.0,0.0,0.0,0.9057522123893805,0.0,0.03857715430861723,0.0,329d10bc189e20c8877ceafdb238d03e5c823c28dc2a9603071c5fc7c0fc8053
audit,bank_marketing,static_weighted_ensemble,missing_features,40,90400,0.8964933628318584,0.00971810136024961,0.10350663716814158,0.00971810136024961,0.534268605832144,0.20405295079773372,0.29384469696969695,0.1885851813474541,0.3582364276925484,0.20313464736935744,0.8964933628318584,0.00971810136024961,0.3582364276925484,0.20313464736935744,0.02379759519038076,0.014338201202341262,0.02379759519038076,0.014338201202341262,0.706155303030303,0.18858518134745414,0.0,0.0,0.9446570796460177,0.03459576984112126,0.0030561122244488976,0.0031563126252505008,916814c7ea5dc2bb6b84c5f03c92e07c1e04f877254eff142e5c1bda94bb2e2b
audit,bank_marketing,static_weighted_ensemble,random_feature_deletion,40,90400,0.8949115044247787,0.01074137259050466,0.10508849557522125,0.01074137259050466,0.4780013003997234,0.24403125023794578,0.290530303030303,0.20532644113419438,0.3437664776822986,0.22115634437583193,0.8949115044247787,0.01074137259050466,0.3437664776822986,0.22115634437583193,0.025150300601202404,0.016945869743256504,0.025150300601202404,0.016945869743256504,0.709469696969697,0.20532644113419438,0.0,0.0,0.9438495575221238,0.03851194850659075,0.007064128256513026,0.011403602431911889,9a52bdb9182369f0afae55ffe10cd1a1945b4348832181dae55a1256e94209ab
audit,bank_marketing,static_weighted_ensemble,specialist_failure,40,90400,0.710066371681416,0.3425190879539596,0.28993362831858405,0.3425190879539596,0.5055204289413138,0.22445849169371837,0.6212121212121212,0.22008847039899926,0.46928137562949035,0.1511740005685584,0.710066371681416,0.3425190879539596,0.46928137562949035,0.1511740005685584,0.2781813627254509,0.4167439914268037,0.2781813627254509,0.4167439914268037,0.3787878787878788,0.22008847039899923,0.0,0.0,0.6817477876106195,0.39362733064254163,1.0,0.0,b86a17ece0888ffc232fffa379e5d12aaa7fe0fcfac80aa56d0dce7b07e2bba9
audit,bank_marketing,static_weighted_ensemble,synthetic_sensor_failure,40,90400,0.8907079646017699,0.007354323070174638,0.10929203539823007,0.007354323070174638,0.5426360993193022,0.224031101880482,0.22395833333333331,0.16156798906730702,0.2881229293162451,0.182052646923082,0.8907079646017699,0.007354323070174638,0.2881229293162451,0.182052646923082,0.021104709418837676,0.014974508017558045,0.021104709418837676,0.014974508017558045,0.7760416666666666,0.16156798906730702,0.0,0.0,0.9551991150442478,0.031751256324336244,0.000501002004008016,0.000501002004008016,494c8f9fed997ce8f85e99304f1f38457d546893e95a3be998f358936afddb13
audit,bank_marketing,veto_mavs,adversarial_confidence_inflation,40,90400,0.8972345132743362,0.011101588263062415,0.10276548672566371,0.011101588263062415,0.583561712517488,0.0655836516015844,0.4232007575757576,0.04353579250449554,0.490585715285792,0.05240124027904084,0.8972345132743362,0.011101588263062415,0.490585715285792,0.05240124027904084,0.04006763527054108,0.006846965017149165,0.04006763527054108,0.006846965017149165,0.5767992424242424,0.04353579250449555,0.0,0.0,0.9151769911504425,0.0012716909613451016,0.05065130260521042,0.0030675890811305874,c1ff40e8441399cc46f4018d7eb6e46e53262891f5a947fd212a5ebcede4acca
audit,bank_marketing,veto_mavs,confidence_distortion,40,90400,0.9070796460176991,0.0,0.09292035398230092,0.0,0.6421052631578947,0.0,0.4621212121212121,0.0,0.5374449339207048,0.0,0.9070796460176991,0.0,0.5374449339207048,0.0,0.03406813627254509,0.0,0.03406813627254509,0.0,0.5378787878787878,0.0,0.0,0.0,0.915929203539823,0.0,0.03406813627254509,0.0,ec7480efdaf1de70b0f55ae3dbadd88496430d774a81900c76d55fb8c021a6c2
audit,bank_marketing,veto_mavs,distribution_shift,40,67280,0.8852060815291365,0.021028186670677115,0.11479391847086354,0.021028186670677115,0.6424018241912036,0.004073862237907718,0.5083977816780332,0.051538937356559754,0.5661426731864491,0.030144104663482996,0.8852060815291365,0.021028186670677115,0.5661426731864491,0.030144104663482996,0.051443404448199705,0.019726298949348787,0.051443404448199705,0.019726298949348787,0.4916022183219668,0.051538937356559754,0.0,0.0,0.8794774173753203,0.03964888773935977,0.08154684684684685,0.012853153153153149,b950aa8648534ee0c47859df9730a54232e56a3221ce222ff8dd80bbfe4e3a3b
audit,bank_marketing,veto_mavs,feature_noise,40,90400,0.8971349557522124,0.012501463419700667,0.10286504424778763,0.012501463419700667,0.5838749447022841,0.07181674235848838,0.4315340909090909,0.037863514913346386,0.4958767079615534,0.050311217575419426,0.8971349557522124,0.012501463419700667,0.4958767079615534,0.050311217575419426,0.04128256513026052,0.009715951898103443,0.04128256513026052,0.009715951898103443,0.5684659090909091,0.037863514913346406,0.0,0.0,0.9131305309734513,0.005486892928509534,0.05495991983967936,0.008192723257540257,f134d16b363fb17ced8dc885ac6bf9fe0a82ac582b15fb1abb5c5505c0954093
audit,bank_marketing,veto_mavs,label_noise,40,90400,0.9070796460176991,0.0,0.09292035398230092,0.0,0.6421052631578947,0.0,0.4621212121212121,0.0,0.5374449339207048,0.0,0.5861836283185841,0.2844040185684099,0.2585979151747336,0.16678327452512767,0.03406813627254509,0.0,0.03406813627254509,0.0,0.5378787878787878,0.0,0.0,0.0,0.915929203539823,0.0,0.03406813627254509,0.0,9966509b76a0c61a60a06e65f35975183636d0359f636e64ec61c2057bb1e324
audit,bank_marketing,veto_mavs,missing_features,40,90400,0.8964491150442477,0.009314914679393263,0.10355088495575222,0.009314914679393263,0.5494684049640196,0.2112023206177101,0.265719696969697,0.17337885060734687,0.33770228022782495,0.19738460720408843,0.8964491150442477,0.009314914679393263,0.33770228022782495,0.19738460720408843,0.020127755511022045,0.012775987015628858,0.020127755511022045,0.012775987015628858,0.734280303030303,0.17337885060734687,0.0,0.0,0.951183628318584,0.0314363929830157,0.0022044088176352704,0.0022761155694590272,dcf32747df0a4e9ecead6b79c67d61eb1b0d0d8933f69109046e386cea474830
audit,bank_marketing,veto_mavs,random_feature_deletion,40,90400,0.8949115044247787,0.010036545329392707,0.10508849557522125,0.010036545329392707,0.49182579465775966,0.25042957304798813,0.26486742424242427,0.18965963843721464,0.32627349015686097,0.213796840932689,0.8949115044247787,0.010036545329392707,0.32627349015686097,0.213796840932689,0.021756012024048095,0.014716539456617456,0.021756012024048095,0.014716539456617456,0.7351325757575757,0.18965963843721464,0.0,0.0,0.9498451327433628,0.03491155349548465,0.006362725450901803,0.010060165150918926,a7746799baab1083ac31c99c39ef30a9718daf2d1b0b63e758f694c1ed95d541
audit,bank_marketing,veto_mavs,specialist_failure,40,90400,0.7104535398230089,0.34274659725075546,0.28954646017699115,0.34274659725075546,0.511656711764483,0.2281748315246469,0.6117424242424242,0.22523550321831856,0.46563240267206424,0.14912559179435944,0.7104535398230089,0.34274659725075546,0.46563240267206424,0.14912559179435944,0.27649048096192386,0.4177186972451949,0.27649048096192386,0.4177186972451949,0.38825757575757575,0.22523550321831853,0.0,0.0,0.6843473451327433,0.3951176885157346,1.0,0.0,8943de0ba57f915ef56a904e86317c96fe88fca0d4d6b0f0644ecd02178f68be
audit,bank_marketing,veto_mavs,synthetic_sensor_failure,40,90400,0.8905973451327434,0.006614082269414482,0.10940265486725663,0.006614082269414482,0.54875055285272,0.22512402204378454,0.2040719696969697,0.14355807620502187,0.27345815065952234,0.16935057826955302,0.8905973451327434,0.006614082269414482,0.27345815065952234,0.16935057826955302,0.018599699398797593,0.013058378408195247,0.018599699398797593,0.013058378408195247,0.7959280303030303,0.1435580762050219,0.0,0.0,0.9597345132743362,0.02801272883423791,0.000501002004008016,0.000501002004008016,7f140d06c443691ddd7712aef5baa3b9904fe7c09596d31b18145290bdf9e73c
audit,breast_cancer_wisconsin,mean_ensemble,adversarial_confidence_inflation,40,1160,0.9655172413793104,0.0,0.03448275862068961,0.0,1.0,0.0,0.9090909090909091,0.0,0.9523809523809523,0.0,0.9655172413793104,0.0,0.9523809523809523,0.0,0.0,0.0,0.0,0.0,0.09090909090909091,0.0,0.0,0.0,0.6551724137931034,0.0,0.0,0.0,1fef813c6b4a5eaccf4ee6c13ce3b38d6b86473478821c5e02e47b04bbf0c209
audit,breast_cancer_wisconsin,mean_ensemble,confidence_distortion,40,1160,0.9655172413793104,0.0,0.03448275862068961,0.0,1.0,0.0,0.9090909090909091,0.0,0.9523809523809523,0.0,0.9655172413793104,0.0,0.9523809523809523,0.0,0.0,0.0,0.0,0.0,0.09090909090909091,0.0,0.0,0.0,0.6551724137931034,0.0,0.0,0.0,c410eb1087c5b4110869fb4ca5de901283007697a3c59633a8e1b42b2f4d8147
audit,breast_cancer_wisconsin,mean_ensemble,distribution_shift,40,885,0.9764255141410314,0.018550559504557983,0.023574485858968597,0.018550559504557983,1.0,0.0,0.9431818181818181,0.04401117438872066,0.9702380952380952,0.023053472298853697,0.9764255141410314,0.018550559504557983,0.9702380952380952,0.023053472298853697,0.0,0.0,0.0,0.0,0.05681818181818182,0.044011174388720646,0.0,0.0,0.5304889076440801,0.1362760582203698,0.0,0.0,a4e358672f404855b153906c1c2241044598d60e5df639df02bc6e17b192d614
audit,breast_cancer_wisconsin,mean_ensemble,feature_noise,40,1160,0.9396551724137931,0.03987942588351857,0.06034482758620688,0.03987942588351857,0.9403071928071928,0.08484349905365368,0.9068181818181817,0.03206076359014973,0.9212224261246,0.047933580299785686,0.9396551724137931,0.03987942588351857,0.9212224261246,0.047933580299785686,0.04027777777777777,0.059560504562198795,0.04027777777777777,0.059560504562198795,0.09318181818181819,0.03206076359014974,0.0,0.0,0.6310344827586207,0.03793103448275861,0.11666666666666665,0.06781419786518723,9c8b257648bfc1670b1dde0ebcde9dbca82b22f97405b4d3a794630d3edd19f6
audit,breast_cancer_wisconsin,mean_ensemble,label_noise,40,1160,0.9655172413793104,0.0,0.03448275862068961,0.0,1.0,0.0,0.9090909090909091,0.0,0.9523809523809523,0.0,0.6086206896551725,0.328089450115439,0.5597357533770577,0.3435786976522122,0.0,0.0,0.0,0.0,0.09090909090909091,0.0,0.0,0.0,0.6551724137931034,0.0,0.0,0.0,b5c8c2ef5c0b70ab48287a26d5f711265f9f0a8b9b80a1f3d73f59fb20cb03b0
audit,breast_cancer_wisconsin,mean_ensemble,missing_features,40,1160,0.8922413793103449,0.11899987010254805,0.10775862068965515,0.11899987010254805,0.8608225108225108,0.3303395524848762,0.7227272727272727,0.308923751591749,0.7800171886936592,0.31804695214789636,0.8922413793103449,0.11899987010254805,0.7800171886936592,0.31804695214789636,0.004166666666666667,0.014632852434517693,0.004166666666666667,0.014632852434517693,0.2772727272727273,0.308923751591749,0.0,0.0,0.7232758620689655,0.11604037490804246,0.01111111111111111,0.02222222222222222,5ffce03bfa61df7ab02c91e2789d5ab56fe5c93962aca4b4b72ce761a0fd8c6f
audit,breast_cancer_wisconsin,mean_ensemble,random_feature_deletion,40,1160,0.8905172413793103,0.12066194263115598,0.10948275862068964,0.12066194263115598,0.8640972222222222,0.32898282928990774,0.7204545454545455,0.3158273275485297,0.7741374269005847,0.32515403934174897,0.8905172413793103,0.12066194263115598,0.7741374269005847,0.32515403934174897,0.005555555555555555,0.020786985482077452,0.005555555555555555,0.020786985482077452,0.27954545454545454,0.3158273275485297,0.0,0.0,0.7232758620689655,0.12031654148361265,0.005555555555555555,0.016666666666666666,7298ade369d54e2eeb8d8af01be47a7f5af7abbcb8ac475e4c3412979e5deca6
audit,breast_cancer_wisconsin,mean_ensemble,specialist_failure,40,1160,0.8189655172413793,0.2538350321437148,0.18103448275862066,0.2538350321437148,0.8448275862068966,0.2687665046227568,0.9318181818181818,0.03936479108111086,0.8517857142857143,0.17423606338044065,0.8189655172413793,0.2538350321437148,0.8517857142857143,0.17423606338044065,0.25,0.4330127018922193,0.25,0.4330127018922193,0.06818181818181818,0.03936479108111085,0.0,0.0,0.49137931034482757,0.28369797710179884,1.0,0.0,d2326e24ff54eec1b718ea2c7e028ace79a28ad815e6198d0eb9c961d8ce7154
audit,breast_cancer_wisconsin,mean_ensemble,synthetic_sensor_failure,40,1160,0.9051724137931034,0.11661852809024728,0.09482758620689652,0.11661852809024728,0.85,0.32787192621510003,0.7727272727272727,0.29806538746827277,0.8095238095238095,0.3122589773477143,0.9051724137931034,0.11661852809024728,0.8095238095238095,0.3122589773477143,0.013888888888888888,0.0367465459870082,0.013888888888888888,0.0367465459870082,0.22727272727272727,0.29806538746827277,0.0,0.0,0.6982758620689655,0.11404100478726685,0.05555555555555555,0.05555555555555555,7e5e38e18c21b44e25ef0265cad34baeab8015fa3ba1a077014d71a28efcc8b0
audit,breast_cancer_wisconsin,pure_mavs_gc,adversarial_confidence_inflation,40,1160,0.9655172413793104,0.0,0.03448275862068961,0.0,1.0,0.0,0.9090909090909091,0.0,0.9523809523809523,0.0,0.9655172413793104,0.0,0.9523809523809523,0.0,0.0,0.0,0.0,0.0,0.09090909090909091,0.0,0.0,0.0,0.6551724137931034,0.0,0.0,0.0,21230e4caa4159e04af25d4023c02b66df1aa74a91fcde6d13a6e2040b27a904
audit,breast_cancer_wisconsin,pure_mavs_gc,confidence_distortion,40,1160,0.9655172413793104,0.0,0.03448275862068961,0.0,1.0,0.0,0.9090909090909091,0.0,0.9523809523809523,0.0,0.9655172413793104,0.0,0.9523809523809523,0.0,0.0,0.0,0.0,0.0,0.09090909090909091,0.0,0.0,0.0,0.6551724137931034,0.0,0.0,0.0,d81e043a20b9809548865878f9e8106695ce2dfc41d640216da9ae6c447d3b71
audit,breast_cancer_wisconsin,pure_mavs_gc,distribution_shift,40,885,0.9764255141410314,0.018550559504557983,0.023574485858968597,0.018550559504557983,1.0,0.0,0.9431818181818181,0.04401117438872066,0.9702380952380952,0.023053472298853697,0.9764255141410314,0.018550559504557983,0.9702380952380952,0.023053472298853697,0.0,0.0,0.0,0.0,0.05681818181818182,0.044011174388720646,0.0,0.0,0.5304889076440801,0.1362760582203698,0.0,0.0,626e7b8f81d14d4a04388dd5e0591b57bfc989744aa35c5c262e5c36edda0ecf
audit,breast_cancer_wisconsin,pure_mavs_gc,feature_noise,40,1160,0.9439655172413793,0.03907940329876945,0.05603448275862066,0.03907940329876945,0.9613852813852813,0.07451679955161623,0.8931818181818182,0.04494027257564813,0.9246119894598155,0.04999423774359388,0.9439655172413793,0.03907940329876945,0.9246119894598155,0.04999423774359388,0.024999999999999998,0.049612697498588196,0.024999999999999998,0.049612697498588196,0.10681818181818183,0.04494027257564816,0.0,0.0,0.6456896551724138,0.030830266796978735,0.08333333333333333,0.0668977476599572,e30606a288105d0a986cb79020371ae6cc678c43f2ccc5047d4992f7b59bebf8
audit,breast_cancer_wisconsin,pure_mavs_gc,label_noise,40,1160,0.9655172413793104,0.0,0.03448275862068961,0.0,1.0,0.0,0.9090909090909091,0.0,0.9523809523809523,0.0,0.6086206896551725,0.328089450115439,0.5597357533770577,0.3435786976522122,0.0,0.0,0.0,0.0,0.09090909090909091,0.0,0.0,0.0,0.6551724137931034,0.0,0.0,0.0,8b1a0262be5c681a7621a1410f490452d68bbf55106d0d6a745cbd982c2c8373
audit,breast_cancer_wisconsin,pure_mavs_gc,missing_features,40,1160,0.8836206896551724,0.12159451435620769,0.11637931034482757,0.12159451435620769,0.875,0.33071891388307384,0.6931818181818181,0.3205673560300021,0.7582939650219062,0.32307489873297723,0.8836206896551724,0.12159451435620769,0.7582939650219062,0.32307489873297723,0.0,0.0,0.0,0.0,0.3068181818181818,0.3205673560300021,0.0,0.0,0.7370689655172413,0.12159451435620769,0.0,0.0,5447e5cd8f6cc5dea374c2579907f2c41d97f128516fcbc31ec8dc6f421c13a8
audit,breast_cancer_wisconsin,pure_mavs_gc,random_feature_deletion,40,1160,0.8758620689655172,0.13012387768353936,0.12413793103448274,0.13012387768353936,0.825,0.3799671038392666,0.6727272727272727,0.34305385934751287,0.7316786522301229,0.35699434003752045,0.8758620689655172,0.13012387768353936,0.7316786522301229,0.35699434003752045,0.0,0.0,0.0,0.0,0.32727272727272727,0.34305385934751287,0.0,0.0,0.7448275862068966,0.13012387768353936,0.0,0.0,30531d9aa50ff789dbfe597f96f14a22d444672a8b1b5ea2502babe343a2a6b6
audit,breast_cancer_wisconsin,pure_mavs_gc,specialist_failure,40,1160,0.8793103448275863,0.14931472479042046,0.12068965517241376,0.14931472479042046,0.75,0.4330127018922193,0.6818181818181818,0.39364791081110845,0.7142857142857142,0.41239304942116123,0.8793103448275863,0.14931472479042046,0.7142857142857142,0.41239304942116123,0.0,0.0,0.0,0.0,0.3181818181818182,0.39364791081110845,0.0,0.0,0.7413793103448276,0.14931472479042046,0.0,0.0,921ab6637eab5c4a6a4317efa3d5e3439dfbffa5c2e27547e71f3850864e0a09
audit,breast_cancer_wisconsin,pure_mavs_gc,synthetic_sensor_failure,40,1160,0.9008620689655172,0.119994921612716,0.09913793103448272,0.119994921612716,0.8571428571428571,0.3273268353539886,0.75,0.30744884678337914,0.7976190476190476,0.31564460913244885,0.9008620689655172,0.119994921612716,0.7976190476190476,0.31564460913244885,0.006944444444444444,0.0183732729935041,0.006944444444444444,0.0183732729935041,0.25,0.30744884678337914,0.0,0.0,0.7112068965517241,0.11428511709967977,0.027777777777777776,0.027777777777777776,c9b6844a653e0d06b1bdd97690d95f0bc1ac6035064df92244e94f07f07eb0da
audit,breast_cancer_wisconsin,single_model,adversarial_confidence_inflation,40,1160,0.9655172413793104,0.0,0.03448275862068961,0.0,1.0,0.0,0.9090909090909091,0.0,0.9523809523809523,0.0,0.9655172413793104,0.0,0.9523809523809523,0.0,0.0,0.0,0.0,0.0,0.09090909090909091,0.0,0.0,0.0,0.6551724137931034,0.0,0.0,0.0,024ba33866e145ff781fab77e62c6e9a300ac8deaa9586dfa1bd9b35b13bcf16
audit,breast_cancer_wisconsin,single_model,confidence_distortion,40,1160,0.9655172413793104,0.0,0.03448275862068961,0.0,1.0,0.0,0.9090909090909091,0.0,0.9523809523809523,0.0,0.9655172413793104,0.0,0.9523809523809523,0.0,0.0,0.0,0.0,0.0,0.09090909090909091,0.0,0.0,0.0,0.6551724137931034,0.0,0.0,0.0,fdf52a52f0c4f7a14cb2bceffb0371bdebc601007c5a2bfff94b4e99c04b37c9
audit,breast_cancer_wisconsin,single_model,distribution_shift,40,885,0.9764255141410314,0.018550559504557983,0.023574485858968597,0.018550559504557983,1.0,0.0,0.9431818181818181,0.04401117438872066,0.9702380952380952,0.023053472298853697,0.9764255141410314,0.018550559504557983,0.9702380952380952,0.023053472298853697,0.0,0.0,0.0,0.0,0.05681818181818182,0.044011174388720646,0.0,0.0,0.5304889076440801,0.1362760582203698,0.0,0.0,b491560f9be7835da5b8ea0b36262c382f5e899dc5d3075de876e6de8c57c04b
audit,breast_cancer_wisconsin,single_model,feature_noise,40,1160,0.9370689655172414,0.0455430308340424,0.06293103448275861,0.0455430308340424,0.9369252622377622,0.09374856212718811,0.9068181818181817,0.032060763590149734,0.9188619150575672,0.05245242601747671,0.9370689655172414,0.0455430308340424,0.9188619150575672,0.05245242601747671,0.044444444444444446,0.0726483157256779,0.044444444444444446,0.0726483157256779,0.09318181818181819,0.032060763590149734,0.0,0.0,0.628448275862069,0.04783511861725889,0.13333333333333333,0.09026709338484401,d7b3b852726bd7860c9f70f30061cc9a93daaf5cf234d83b4fa99daa9d575058
audit,breast_cancer_wisconsin,single_model,label_noise,40,1160,0.9655172413793104,0.0,0.03448275862068961,0.0,1.0,0.0,0.9090909090909091,0.0,0.9523809523809523,0.0,0.6086206896551725,0.328089450115439,0.5597357533770577,0.3435786976522122,0.0,0.0,0.0,0.0,0.09090909090909091,0.0,0.0,0.0,0.6551724137931034,0.0,0.0,0.0,4aba49e0ea9bc78dcf5d59ae6495747268a9516cbc53d25e449a9ba5b675f973
audit,breast_cancer_wisconsin,single_model,missing_features,40,1160,0.896551724137931,0.11147055086375596,0.10344827586206895,0.11147055086375596,0.8308090520590521,0.32351273384310913,0.775,0.2966670922707196,0.8000156003416873,0.30645300906708484,0.896551724137931,0.11147055086375596,0.8000156003416873,0.30645300906708484,0.029166666666666664,0.05553819173092279,0.029166666666666664,0.05553819173092279,0.225,0.2966670922707196,0.0,0.0,0.6879310344827586,0.1235979635725709,0.049999999999999996,0.07222222222222222,810bf689d2551b169a0432dfa12a0da5d22a5da6842b0c45b82502c6db0bd515
audit,breast_cancer_wisconsin,single_model,random_feature_deletion,40,1160,0.8956896551724138,0.11186652803732157,0.1043103448275862,0.11186652803732157,0.8264581252081252,0.3226796506511316,0.7772727272727272,0.29664097452744964,0.7994320063993977,0.30643765815081214,0.8956896551724138,0.11186652803732157,0.7994320063993977,0.30643765815081214,0.03194444444444444,0.05677481509991582,0.03194444444444444,0.05677481509991582,0.22272727272727272,0.29664097452744964,0.0,0.0,0.6853448275862069,0.12365507144638839,0.07222222222222222,0.08258927081843613,4c73560f15783121a8d1bbf80a6dc9b2a47bd487fdb1c311e5a54373cc667494
audit,breast_cancer_wisconsin,single_model,specialist_failure,40,1160,0.8189655172413793,0.2538350321437148,0.18103448275862066,0.2538350321437148,0.8448275862068966,0.2687665046227568,0.9318181818181818,0.03936479108111086,0.8517857142857143,0.17423606338044065,0.8189655172413793,0.2538350321437148,0.8517857142857143,0.17423606338044065,0.25,0.4330127018922193,0.25,0.4330127018922193,0.06818181818181818,0.03936479108111085,0.0,0.0,0.49137931034482757,0.28369797710179884,1.0,0.0,1d0838a3db1c2888ef27a4f77f547ac43b91fdfbd7961bc0044eb92800fd88e7
audit,breast_cancer_wisconsin,single_model,synthetic_sensor_failure,40,1160,0.8836206896551724,0.1193739864148813,0.11637931034482757,0.1193739864148813,0.8053030303030303,0.3206998130094234,0.7613636363636364,0.3012971268991557,0.7818558253340862,0.3091852304231245,0.8836206896551724,0.1193739864148813,0.7818558253340862,0.3091852304231245,0.041666666666666664,0.060540263104731575,0.041666666666666664,0.060540263104731575,0.23863636363636365,0.3012971268991557,0.0,0.0,0.6853448275862069,0.12122725095194167,0.08333333333333333,0.08333333333333333,6b7662dbc64f1661d5e17ffb4c419b7d1b78aec7271b48580c14583aa896b4f8
audit,breast_cancer_wisconsin,static_weighted_ensemble,adversarial_confidence_inflation,40,1160,0.9655172413793104,0.0,0.03448275862068961,0.0,1.0,0.0,0.9090909090909091,0.0,0.9523809523809523,0.0,0.9655172413793104,0.0,0.9523809523809523,0.0,0.0,0.0,0.0,0.0,0.09090909090909091,0.0,0.0,0.0,0.6551724137931034,0.0,0.0,0.0,544e266c559b99b6998b0d753c6f64849af635d783b407e5c874903c33235e15
audit,breast_cancer_wisconsin,static_weighted_ensemble,confidence_distortion,40,1160,0.9655172413793104,0.0,0.03448275862068961,0.0,1.0,0.0,0.9090909090909091,0.0,0.9523809523809523,0.0,0.9655172413793104,0.0,0.9523809523809523,0.0,0.0,0.0,0.0,0.0,0.09090909090909091,0.0,0.0,0.0,0.6551724137931034,0.0,0.0,0.0,6ac223d014d18409c08e129e9ac30ac9283065167c0cc4ae1327574a5d605209
audit,breast_cancer_wisconsin,static_weighted_ensemble,distribution_shift,40,885,0.9764255141410314,0.018550559504557983,0.023574485858968597,0.018550559504557983,1.0,0.0,0.9431818181818181,0.04401117438872066,0.9702380952380952,0.023053472298853697,0.9764255141410314,0.018550559504557983,0.9702380952380952,0.023053472298853697,0.0,0.0,0.0,0.0,0.05681818181818182,0.044011174388720646,0.0,0.0,0.5304889076440801,0.1362760582203698,0.0,0.0,147a0f7cb61ee544e36c7bd4a024c80ff89ee7df11e4f7bc46c47ccc010dc9c9
audit,breast_cancer_wisconsin,static_weighted_ensemble,feature_noise,40,1160,0.9396551724137931,0.042056244543622334,0.06034482758620688,0.042056244543622334,0.941913086913087,0.0898172911134319,0.9068181818181817,0.032060763590149734,0.9215909814822858,0.05008555315193166,0.9396551724137931,0.042056244543622334,0.9215909814822858,0.05008555315193166,0.04027777777777777,0.06571954535733877,0.04027777777777777,0.06571954535733877,0.09318181818181819,0.032060763590149734,0.0,0.0,0.6310344827586207,0.04306895171309239,0.11666666666666665,0.08031573497111644,ff7a37897aab8f2d27482629550dee2dd42219e7db040918f040a83606dbc43e
audit,breast_cancer_wisconsin,static_weighted_ensemble,label_noise,40,1160,0.9655172413793104,0.0,0.03448275862068961,0.0,1.0,0.0,0.9090909090909091,0.0,0.9523809523809523,0.0,0.6086206896551725,0.328089450115439,0.5597357533770577,0.3435786976522122,0.0,0.0,0.0,0.0,0.09090909090909091,0.0,0.0,0.0,0.6551724137931034,0.0,0.0,0.0,aced55812731c03fbb1410a58c9d2debf3d10b18bbe0399f409c8e3608851e50
audit,breast_cancer_wisconsin,static_weighted_ensemble,missing_features,40,1160,0.9008620689655172,0.11044916941729474,0.09913793103448275,0.11044916941729474,0.8425216450216451,0.3246415637208953,0.7727272727272727,0.2959785562927219,0.8044562641782321,0.3068622025848186,0.9008620689655172,0.11044916941729474,0.8044562641782321,0.3068622025848186,0.020833333333333332,0.0424691245872796,0.020833333333333332,0.0424691245872796,0.22727272727272727,0.2959785562927219,0.0,0.0,0.6939655172413793,0.119994921612716,0.03333333333333333,0.056655772373253165,562f0c047fb684f7a1a00e3cab197b7b9baf1ae79ac4cdc4cd2f25f4110d4313
audit,breast_cancer_wisconsin,static_weighted_ensemble,random_feature_deletion,40,1160,0.8974137931034483,0.11106647108291026,0.10258620689655171,0.11106647108291026,0.8329166666666666,0.32281599781581743,0.7727272727272727,0.2945791226549027,0.8006625258799172,0.3063761059248932,0.8974137931034483,0.11106647108291026,0.8006625258799172,0.3063761059248932,0.02638888888888889,0.04646035745466036,0.02638888888888889,0.04646035745466036,0.22727272727272727,0.2945791226549027,0.0,0.0,0.6905172413793104,0.11957303650181329,0.05555555555555555,0.06085806194501845,2f5d17f1c046580001ae4905f26e8d076c8a398ce1edbb77572a75859210cee4
audit,breast_cancer_wisconsin,static_weighted_ensemble,specialist_failure,40,1160,0.8189655172413793,0.2538350321437148,0.18103448275862066,0.2538350321437148,0.8448275862068966,0.2687665046227568,0.9318181818181818,0.03936479108111086,0.8517857142857143,0.17423606338044065,0.8189655172413793,0.2538350321437148,0.8517857142857143,0.17423606338044065,0.25,0.4330127018922193,0.25,0.4330127018922193,0.06818181818181818,0.03936479108111085,0.0,0.0,0.49137931034482757,0.28369797710179884,1.0,0.0,1b1dd2c403b42062ee182d8ac068e59f45e78c95f09d6bbeb90b329c89944bf7
audit,breast_cancer_wisconsin,static_weighted_ensemble,synthetic_sensor_failure,40,1160,0.8836206896551724,0.1193739864148813,0.11637931034482757,0.1193739864148813,0.8053030303030303,0.3206998130094234,0.7613636363636364,0.3012971268991557,0.7818558253340862,0.3091852304231245,0.8836206896551724,0.1193739864148813,0.7818558253340862,0.3091852304231245,0.041666666666666664,0.060540263104731575,0.041666666666666664,0.060540263104731575,0.23863636363636365,0.3012971268991557,0.0,0.0,0.6853448275862069,0.12122725095194167,0.08333333333333333,0.08333333333333333,9851b7c81ceb667a07162f9730d694e17c20c239b8ea7ff8df88528efdee9a7c
audit,breast_cancer_wisconsin,veto_mavs,adversarial_confidence_inflation,40,1160,0.9655172413793104,0.0,0.03448275862068961,0.0,1.0,0.0,0.9090909090909091,0.0,0.9523809523809523,0.0,0.9655172413793104,0.0,0.9523809523809523,0.0,0.0,0.0,0.0,0.0,0.09090909090909091,0.0,0.0,0.0,0.6551724137931034,0.0,0.0,0.0,b07590ede5eb1e0eb7028b5815bdee41a4c27dd7484654c61a731ddaeb43adaa
audit,breast_cancer_wisconsin,veto_mavs,confidence_distortion,40,1160,0.9655172413793104,0.0,0.03448275862068961,0.0,1.0,0.0,0.9090909090909091,0.0,0.9523809523809523,0.0,0.9655172413793104,0.0,0.9523809523809523,0.0,0.0,0.0,0.0,0.0,0.09090909090909091,0.0,0.0,0.0,0.6551724137931034,0.0,0.0,0.0,b23da978e2314e3e61607472b0d5c3184646dbe0c5763fc2155cf76a77120911
audit,breast_cancer_wisconsin,veto_mavs,distribution_shift,40,885,0.9764255141410314,0.018550559504557983,0.023574485858968597,0.018550559504557983,1.0,0.0,0.9431818181818181,0.04401117438872066,0.9702380952380952,0.023053472298853697,0.9764255141410314,0.018550559504557983,0.9702380952380952,0.023053472298853697,0.0,0.0,0.0,0.0,0.05681818181818182,0.044011174388720646,0.0,0.0,0.5304889076440801,0.1362760582203698,0.0,0.0,97b79113860d08c82a017f63c5dae07b0340085139e27b9954c42bafa4ceaaf7
audit,breast_cancer_wisconsin,veto_mavs,feature_noise,40,1160,0.9396551724137931,0.03987942588351857,0.06034482758620688,0.03987942588351857,0.9403071928071928,0.08484349905365368,0.9068181818181817,0.03206076359014973,0.9212224261246,0.047933580299785686,0.9396551724137931,0.03987942588351857,0.9212224261246,0.047933580299785686,0.04027777777777777,0.059560504562198795,0.04027777777777777,0.059560504562198795,0.09318181818181819,0.03206076359014974,0.0,0.0,0.6310344827586207,0.03793103448275861,0.11666666666666665,0.06781419786518723,2b5c9c6da15a9672da3a64edc3c34ecc6d6f9562d9c0a6cd683c16db3f640702
audit,breast_cancer_wisconsin,veto_mavs,label_noise,40,1160,0.9655172413793104,0.0,0.03448275862068961,0.0,1.0,0.0,0.9090909090909091,0.0,0.9523809523809523,0.0,0.6086206896551725,0.328089450115439,0.5597357533770577,0.3435786976522122,0.0,0.0,0.0,0.0,0.09090909090909091,0.0,0.0,0.0,0.6551724137931034,0.0,0.0,0.0,45e359bf0817a24d1e5ae1afd18bc85ee0eedb81ca70b63f714e7fe66029520a
audit,breast_cancer_wisconsin,veto_mavs,missing_features,40,1160,0.8922413793103449,0.11899987010254805,0.10775862068965515,0.11899987010254805,0.8608225108225108,0.3303395524848762,0.7227272727272727,0.308923751591749,0.7800171886936592,0.31804695214789636,0.8922413793103449,0.11899987010254805,0.7800171886936592,0.31804695214789636,0.004166666666666667,0.014632852434517693,0.004166666666666667,0.014632852434517693,0.2772727272727273,0.308923751591749,0.0,0.0,0.7232758620689655,0.11604037490804246,0.01111111111111111,0.02222222222222222,a6185223bf9728e897562e5f23ef7d971109c468de77cacfe353a787afa34c28
audit,breast_cancer_wisconsin,veto_mavs,random_feature_deletion,40,1160,0.8905172413793103,0.12066194263115598,0.10948275862068964,0.12066194263115598,0.8640972222222222,0.32898282928990774,0.7204545454545455,0.3158273275485297,0.7741374269005847,0.32515403934174897,0.8905172413793103,0.12066194263115598,0.7741374269005847,0.32515403934174897,0.005555555555555555,0.020786985482077452,0.005555555555555555,0.020786985482077452,0.27954545454545454,0.3158273275485297,0.0,0.0,0.7232758620689655,0.12031654148361265,0.005555555555555555,0.016666666666666666,ab282605988510d538933f9fb95d5e346f7b08e14f2c0874d8e51e519047fa45
audit,breast_cancer_wisconsin,veto_mavs,specialist_failure,40,1160,0.8189655172413793,0.2538350321437148,0.18103448275862066,0.2538350321437148,0.8448275862068966,0.2687665046227568,0.9318181818181818,0.03936479108111086,0.8517857142857143,0.17423606338044065,0.8189655172413793,0.2538350321437148,0.8517857142857143,0.17423606338044065,0.25,0.4330127018922193,0.25,0.4330127018922193,0.06818181818181818,0.03936479108111085,0.0,0.0,0.49137931034482757,0.28369797710179884,1.0,0.0,56c6aa2099a6e870f70984ecb7714f50296473caa1c0f4cb8a863128626491bb
audit,breast_cancer_wisconsin,veto_mavs,synthetic_sensor_failure,40,1160,0.9051724137931034,0.11661852809024728,0.09482758620689652,0.11661852809024728,0.85,0.32787192621510003,0.7727272727272727,0.29806538746827277,0.8095238095238095,0.3122589773477143,0.9051724137931034,0.11661852809024728,0.8095238095238095,0.3122589773477143,0.013888888888888888,0.0367465459870082,0.013888888888888888,0.0367465459870082,0.22727272727272727,0.29806538746827277,0.0,0.0,0.6982758620689655,0.11404100478726685,0.05555555555555555,0.05555555555555555,b768f43506506bdac72d4a53367c84cf71e5109c7e02602d3101afe5a9c8982f
audit,credit_card_fraud,mean_ensemble,adversarial_confidence_inflation,40,569600,0.9992275280898877,0.0,0.0007724719101123156,0.0,0.8888888888888888,0.0,0.64,0.0,0.7441860465116279,0.0,0.9992275280898877,0.0,0.7441860465116279,0.0,0.00014069644741470278,0.0,0.00014069644741470278,0.0,0.36,0.0,0.0,0.0,0.9987359550561797,0.0,0.00014069644741470278,0.0,1d46cada374fb5b8d04f902f4034d83304178d33725d3d327a3437f0f0a2f531
audit,credit_card_fraud,mean_ensemble,confidence_distortion,40,569600,0.9992275280898877,0.0,0.0007724719101123156,0.0,0.8888888888888888,0.0,0.64,0.0,0.7441860465116279,0.0,0.9992275280898877,0.0,0.7441860465116279,0.0,0.00014069644741470278,0.0,0.00014069644741470278,0.0,0.36,0.0,0.0,0.0,0.9987359550561797,0.0,0.00014069644741470278,0.0,0b712a30c1ac6243a3bc8524c3afbdd008e5f2bcc6434ca7afe8eda0a4d88f94
audit,credit_card_fraud,mean_ensemble,distribution_shift,40,423835,0.9988486854455005,0.0004196408692678839,0.0011513145544994052,0.0004196408692678839,0.8888888888888888,0.0,0.6433333333333333,0.008819171036881951,0.7464008859357697,0.0058599143102206035,0.9988486854455005,0.0004196408692678839,0.7464008859357697,0.0058599143102206035,0.0002145463697365704,8.648393327367387e-05,0.0002145463697365704,8.648393327367387e-05,0.35666666666666663,0.00881917103688197,0.0,0.0,0.998074990308747,0.0007734205689845877,0.00034843422168124617,5.479158477036673e-05,3bff7ee218f184905cd478f7af3703ff7803d40cc292c2e595ffca39b332b811
audit,credit_card_fraud,mean_ensemble,feature_noise,40,569600,0.9991327247191012,0.00010121864680761057,0.0008672752808988494,0.00010121864680761057,0.8464706957344341,0.04257617320210078,0.619,0.033451457367355455,0.7146692535107169,0.033871394553661616,0.9991327247191012,0.00010121864680761057,0.7146692535107169,0.033871394553661616,0.00019873373197326768,6.0694456302277164e-05,0.00019873373197326768,6.0694456302277164e-05,0.381,0.03345145736735547,0.0,0.0,0.9987148876404494,6.320224719100765e-05,0.00020400984875131901,5.843562337613841e-05,40e83b034b219c8965e224f48d553efe6ec3aabf12214cbe7e848a3e76fd68f5
audit,credit_card_fraud,mean_ensemble,label_noise,40,569600,0.9992275280898877,0.0,0.0007724719101123156,0.0,0.8888888888888888,0.0,0.64,0.0,0.7441860465116279,0.0,0.6060744382022472,0.34805004755231816,0.10241304157552623,0.24290164241521794,0.00014069644741470278,0.0,0.00014069644741470278,0.0,0.36,0.0,0.0,0.0,0.9987359550561797,0.0,0.00014069644741470278,0.0,ed37c61f35cbbbec0a79030ad8869bd6827990f33ab09f8bc4c1b24ad8dd5031
audit,credit_card_fraud,mean_ensemble,missing_features,40,569600,0.9987131320224719,0.00037535342280753614,0.0012868679775280944,0.00037535342280753614,0.6640141598597481,0.37251464627220415,0.313,0.24246855466224895,0.40413360360551237,0.2849071236926176,0.9987131320224719,0.00037535342280753614,0.40413360360551237,0.2849071236926176,8.09004572634541e-05,6.775012410924454e-05,8.09004572634541e-05,6.775012410924454e-05,0.687,0.24246855466224893,0.0,0.0,0.9993697331460674,0.00048027945293832667,7.034822370735139e-06,2.1104467112205415e-05,5005dc92c816c96697ac45ecf75b3fe2c24d9260c9ef78a5b29bc07e3d229850
audit,credit_card_fraud,mean_ensemble,random_feature_deletion,40,569600,0.998686797752809,0.00045732416166196165,0.0013132022471910032,0.00045732416166196165,0.4617486577964519,0.44092701191630745,0.293,0.29629546064696977,0.35253423775651516,0.3480984071865929,0.998686797752809,0.00045732416166196165,0.35253423775651516,0.3480984071865929,7.210692930003518e-05,7.459482961817972e-05,7.210692930003518e-05,7.459482961817972e-05,0.707,0.29629546064696977,0.0,0.0,0.9994136235955056,0.0005857663515666634,0.0,0.0,c88187bc996de5a2fc5f371581d1798c0661bb43e142eac2297a902d0ac0aae3
audit,credit_card_fraud,mean_ensemble,specialist_failure,40,569600,0.7498244382022472,0.4318977385351867,0.2501755617977528,0.4318977385351867,0.6532166822721598,0.3768044268000919,0.72,0.16248076809271922,0.5473878984993357,0.31458447908665654,0.7498244382022472,0.4318977385351867,0.5473878984993357,0.31458447908665654,0.25012310939148785,0.43294162560447136,0.25012310939148785,0.43294162560447136,0.28,0.16248076809271922,0.0,0.0,0.7490519662921348,0.4324653543757825,1.0,0.0,f5a696682c33e41e2a6fa1c39e6c73dfa2b0744186f1cf8ef6870b768b3489ce
audit,credit_card_fraud,mean_ensemble,synthetic_sensor_failure,40,569600,0.9986042837078651,0.00037561609717933224,0.0013957162921348493,0.00037561609717933224,0.4284188034188034,0.42861857780119744,0.245,0.2525371259834878,0.3101285189718482,0.31422831106343213,0.9986042837078651,0.00037561609717933224,0.3101285189718482,0.31422831106343213,7.034822370735139e-05,7.034822370735139e-05,7.034822370735139e-05,7.034822370735139e-05,0.755,0.2525371259834878,0.0,0.0,0.9994996488764045,0.0005117709215993037,0.0,0.0,d63951dac78632c0dfeb2f6b691404ba89045014e3747e29d35e01e4b85f4944
audit,credit_card_fraud,pure_mavs_gc,adversarial_confidence_inflation,40,569600,0.9991573033707866,0.0,0.0008426966292134352,0.0,0.8823529411764706,0.0,0.6,0.0,0.7142857142857143,0.0,0.9991573033707866,0.0,0.7142857142857143,0.0,0.00014069644741470278,0.0,0.00014069644741470278,0.0,0.4,0.0,0.0,0.0,0.9988061797752809,0.0,0.00014069644741470278,0.0,78a558337ad6c209bb0548dd91e32e7cf28c3e208c83d20c5e73f15cb38cb028
audit,credit_card_fraud,pure_mavs_gc,confidence_distortion,40,569600,0.9991573033707866,0.0,0.0008426966292134352,0.0,0.8823529411764706,0.0,0.6,0.0,0.7142857142857143,0.0,0.9991573033707866,0.0,0.7142857142857143,0.0,0.00014069644741470278,0.0,0.00014069644741470278,0.0,0.4,0.0,0.0,0.0,0.9988061797752809,0.0,0.00014069644741470278,0.0,839d47b1400f2549e06716fae7373e39301af0db987493e47cb87fe554e66320
audit,credit_card_fraud,pure_mavs_gc,distribution_shift,40,423835,0.9987417404626532,0.00046245206964409667,0.0012582595373467897,0.00046245206964409667,0.8823529411764706,0.0,0.603125,0.008267972847076853,0.7164634146341464,0.0057616535519699535,0.9987417404626532,0.00046245206964409667,0.7164634146341464,0.0057616535519699535,0.0002145463697365704,8.648393327367387e-05,0.0002145463697365704,8.648393327367387e-05,0.39687500000000003,0.008267972847076853,0.0,0.0,0.9981819352915944,0.0007304527595965689,0.00034843422168124617,5.479158477036673e-05,98cacd94311b9f5415e17412fb9a3fa88d99fd441b6d2d60e72fb65b4663b066
audit,credit_card_fraud,pure_mavs_gc,feature_noise,40,569600,0.999125702247191,7.52257208063102e-05,0.0008742977528089557,7.52257208063102e-05,0.8729543835077891,0.031240585064558152,0.588,0.03599999999999999,0.7020176949161634,0.03092708764448351,0.999125702247191,7.52257208063102e-05,0.7020176949161634,0.03092708764448351,0.00015124868097080547,4.0258611122967274e-05,0.00015124868097080547,4.0258611122967274e-05,0.41200000000000003,0.036000000000000004,0.0,0.0,0.998816713483146,7.456727732301298e-05,0.00014773126978543793,4.924375659514597e-05,7706af1a5728aa192f279f18adc331f5b2b534f93d1a70108d6ab8a3af9c8796
audit,credit_card_fraud,pure_mavs_gc,label_noise,40,569600,0.9991573033707866,0.0,0.0008426966292134352,0.0,0.8823529411764706,0.0,0.6,0.0,0.7142857142857143,0.0,0.6060568820224719,0.34800428363657876,0.0981286356505337,0.2331966377505279,0.00014069644741470278,0.0,0.00014069644741470278,0.0,0.4,0.0,0.0,0.0,0.9988061797752809,0.0,0.00014069644741470278,0.0,f4f0d647c223a677e281d55412cc4924049de90212a4366aa68f898a2bb35212
audit,credit_card_fraud,pure_mavs_gc,missing_features,40,569600,0.9986464185393258,0.00035669301375915386,0.0013535814606741637,0.00035669301375915386,0.6417059003088414,0.40160468812073263,0.271,0.23297853978424707,0.3570759288254324,0.2798075846266511,0.9986464185393258,0.00035669301375915386,0.3570759288254324,0.2798075846266511,7.386563489271896e-05,6.847668777323878e-05,7.386563489271896e-05,6.847668777323878e-05,0.729,0.23297853978424707,0.0,0.0,0.9994504915730337,0.000465523550742195,7.034822370735139e-06,2.1104467112205415e-05,0af5abcdb5aecffe900acd9eb1602e5056242741d110d0b71bb673d74e42fcbd
audit,credit_card_fraud,pure_mavs_gc,random_feature_deletion,40,569600,0.9986148174157303,0.00042945946918125205,0.0013851825842696591,0.00042945946918125205,0.42002805201334614,0.4426075251112384,0.244,0.2811120772930256,0.29872571403517223,0.33590318159203986,0.9986148174157303,0.00042945946918125205,0.29872571403517223,0.33590318159203986,5.8037284558564897e-05,6.836367121201832e-05,5.8037284558564897e-05,6.836367121201832e-05,0.756,0.2811120772930256,0.0,0.0,0.9995136938202247,0.0005585818021656242,0.0,0.0,40704424cc7bb425b7f2f3abeebf5744e7f2b76c0e448014833f776ae5de7676
audit,credit_card_fraud,pure_mavs_gc,specialist_failure,40,569600,0.9989115168539326,0.00038623595505620574,0.0010884831460673816,0.00038623595505620574,0.6733193277310925,0.3891987458804688,0.43,0.2503996805109783,0.5238095238095238,0.30304576336566325,0.9989115168539326,0.00038623595505620574,0.5238095238095238,0.30304576336566325,8.793527963418924e-05,5.832966567631727e-05,8.793527963418924e-05,5.832966567631727e-05,0.5700000000000001,0.2503996805109783,0.0,0.0,0.9991573033707865,0.0004940746938016446,0.0,0.0,6bc32a2d242a800373353359a3c87fb4ab7396d017b7a2593d8f22d82e6a55b5
audit,credit_card_fraud,pure_mavs_gc,synthetic_sensor_failure,40,569600,0.9985955056179775,0.00036150386730993784,0.0014044943820224892,0.00036150386730993784,0.4276018099547511,0.4277454330371301,0.24,0.2449489742783178,0.306390977443609,0.30918052966002685,0.9985955056179775,0.00036150386730993784,0.306390977443609,0.30918052966002685,7.034822370735139e-05,7.034822370735139e-05,7.034822370735139e-05,7.034822370735139e-05,0.76,0.2449489742783178,0.0,0.0,0.9995084269662922,0.0004990403933831335,0.0,0.0,68b7820ff65daf2ec7863b1d985041288b8555aeadafebb3d80360c3f1c1c397
audit,credit_card_fraud,single_model,adversarial_confidence_inflation,40,569600,0.9992275280898877,0.0,0.0007724719101123156,0.0,0.8888888888888888,0.0,0.64,0.0,0.7441860465116279,0.0,0.9992275280898877,0.0,0.7441860465116279,0.0,0.00014069644741470278,0.0,0.00014069644741470278,0.0,0.36,0.0,0.0,0.0,0.9987359550561797,0.0,0.00014069644741470278,0.0,58fb55ebe7cb3df04c7702000989ae1e282abdf1cf54791481c6c0bdafcd7607
audit,credit_card_fraud,single_model,confidence_distortion,40,569600,0.9992275280898877,0.0,0.0007724719101123156,0.0,0.8888888888888888,0.0,0.64,0.0,0.7441860465116279,0.0,0.9992275280898877,0.0,0.7441860465116279,0.0,0.00014069644741470278,0.0,0.00014069644741470278,0.0,0.36,0.0,0.0,0.0,0.9987359550561797,0.0,0.00014069644741470278,0.0,3231393ffce7202290cc9fe7f86935685762d7fc8ddc63499d147bddc5439b98
audit,credit_card_fraud,single_model,distribution_shift,40,423835,0.9988486854455005,0.0004196408692678839,0.0011513145544994052,0.0004196408692678839,0.8888888888888888,0.0,0.6433333333333333,0.008819171036881951,0.7464008859357697,0.0058599143102206035,0.9988486854455005,0.0004196408692678839,0.7464008859357697,0.0058599143102206035,0.0002145463697365704,8.648393327367387e-05,0.0002145463697365704,8.648393327367387e-05,0.35666666666666663,0.00881917103688197,0.0,0.0,0.998074990308747,0.0007734205689845877,0.00034843422168124617,5.479158477036673e-05,a4db3704bd7b5c2eb46410beca68add086876c6461bd8ce2cdac06be1dace529
audit,credit_card_fraud,single_model,feature_noise,40,569600,0.9991151685393259,9.781171542969327e-05,0.000884831460674132,9.781171542969327e-05,0.8160984658616237,0.05053127496586095,0.644,0.026532998322843206,0.7190240873333295,0.026758060039679798,0.9991151685393259,9.781171542969327e-05,0.7190240873333295,0.026758060039679798,0.00026028842771720016,8.786490324865843e-05,0.00026028842771720016,8.786490324865843e-05,0.356,0.0265329983228432,0.0,0.0,0.9986095505617977,0.00010079143324723672,0.00033063665142455155,9.973582046259461e-05,3bb7d435391844990471bb2bef0ff090370ad09d012a8662c2a7c637b3b1df57
audit,credit_card_fraud,single_model,label_noise,40,569600,0.9992275280898877,0.0,0.0007724719101123156,0.0,0.8888888888888888,0.0,0.64,0.0,0.7441860465116279,0.0,0.6060744382022472,0.34805004755231816,0.10241304157552623,0.24290164241521794,0.00014069644741470278,0.0,0.00014069644741470278,0.0,0.36,0.0,0.0,0.0,0.9987359550561797,0.0,0.00014069644741470278,0.0,b9402cf9d4bb99480e979afef21419474ba7b1019f71517ce1c1c576ab90e716
audit,credit_card_fraud,single_model,missing_features,40,569600,0.9987359550561797,0.00037192591788949407,0.0012640449438202305,0.00037192591788949407,0.7019231821669902,0.3413495913328521,0.338,0.2457559765295648,0.4277824312241333,0.2822622849941048,0.9987359550561797,0.00037192591788949407,0.4277824312241333,0.2822622849941048,0.00010200492437565951,7.857301408261933e-05,0.00010200492437565951,7.857301408261933e-05,0.662,0.2457559765295648,0.0,0.0,0.9993047752808989,0.0004962657231476246,7.034822370735139e-06,2.1104467112205415e-05,f3d5258d207c9529d165b17ca80c75e4cb30b61dac1aa1b7258f056a8b49e945
audit,credit_card_fraud,single_model,random_feature_deletion,40,569600,0.9987148876404495,0.0004692987204102368,0.0012851123595505553,0.0004692987204102368,0.45057722431077696,0.43038913124305,0.321,0.3111896527842788,0.3738842866868219,0.3597523187580518,0.9987148876404495,0.0004692987204102368,0.3738842866868219,0.3597523187580518,9.321139641224058e-05,9.618367157140567e-05,9.321139641224058e-05,9.618367157140567e-05,0.679,0.3111896527842788,0.0,0.0,0.9993433988764044,0.0006286093075202561,0.0,0.0,eaf7d2ac6054b884eb1633f9d8e4635c580c04bdb491f5f614d788656f6d7ef9
audit,credit_card_fraud,single_model,specialist_failure,40,569600,0.5004915730337078,0.4987359550561798,0.4995084269662921,0.4987359550561798,0.44532225343320847,0.44356663545568037,0.8200000000000001,0.18,0.3738455644405318,0.3703404820710961,0.5004915730337078,0.4987359550561798,0.3738455644405318,0.3703404820710961,0.5000703482237073,0.49992965177629267,0.5000703482237073,0.49992965177629267,0.18,0.18,0.0,0.0,0.49936797752808987,0.49936797752808987,1.0,0.0,44ee0531cffa61a08cb24af3acf4925f1ccff6a210636e69829faef4dd1182e4
audit,credit_card_fraud,single_model,synthetic_sensor_failure,40,569600,0.998683286516854,0.0004410062039003276,0.001316713483146048,0.0004410062039003276,0.4111111111111111,0.41201102706087017,0.32,0.32,0.35968992248062015,0.35983245861559093,0.998683286516854,0.0004410062039003276,0.35968992248062015,0.35983245861559093,0.00012310939148786493,0.00013042909755708166,0.00012310939148786493,0.00013042909755708166,0.6799999999999999,0.32,0.0,0.0,0.9993153089887641,0.0006860401573939743,0.0,0.0,cd6a25f8a1bb6c0b70b96137ba27a37483ba91f1bf4ff4cfe3f5e9f8b21c684e
audit,credit_card_fraud,static_weighted_ensemble,adversarial_confidence_inflation,40,569600,0.9992275280898877,0.0,0.0007724719101123156,0.0,0.8888888888888888,0.0,0.64,0.0,0.7441860465116279,0.0,0.9992275280898877,0.0,0.7441860465116279,0.0,0.00014069644741470278,0.0,0.00014069644741470278,0.0,0.36,0.0,0.0,0.0,0.9987359550561797,0.0,0.00014069644741470278,0.0,30b8e854c89934ef0619147013872a8f4c2225c65a1571d5bde86518eaf1336d
audit,credit_card_fraud,static_weighted_ensemble,confidence_distortion,40,569600,0.9992275280898877,0.0,0.0007724719101123156,0.0,0.8888888888888888,0.0,0.64,0.0,0.7441860465116279,0.0,0.9992275280898877,0.0,0.7441860465116279,0.0,0.00014069644741470278,0.0,0.00014069644741470278,0.0,0.36,0.0,0.0,0.0,0.9987359550561797,0.0,0.00014069644741470278,0.0,1e9076fc4cf284a3fae8c29ff2637ad5fb4511e580581134071b69c7e81a807c
audit,credit_card_fraud,static_weighted_ensemble,distribution_shift,40,423835,0.9988486854455005,0.0004196408692678839,0.0011513145544994052,0.0004196408692678839,0.8888888888888888,0.0,0.6433333333333333,0.008819171036881951,0.7464008859357697,0.0058599143102206035,0.9988486854455005,0.0004196408692678839,0.7464008859357697,0.0058599143102206035,0.0002145463697365704,8.648393327367387e-05,0.0002145463697365704,8.648393327367387e-05,0.35666666666666663,0.00881917103688197,0.0,0.0,0.998074990308747,0.0007734205689845877,0.00034843422168124617,5.479158477036673e-05,32b7941240bfe9fe90e73658dfc4e8eefa066c4ddf4eddb84d127ba9d0fcfb74
audit,credit_card_fraud,static_weighted_ensemble,feature_noise,40,569600,0.9991134129213484,9.892404906590703e-05,0.0008865870786516599,9.892404906590703e-05,0.8171395819093188,0.05043102504589593,0.641,0.02605762844159077,0.7176684280915782,0.027829599169936024,0.9991134129213484,9.892404906590703e-05,0.7176684280915782,0.027829599169936024,0.0002567710165318326,8.405067284803743e-05,0.0002567710165318326,8.405067284803743e-05,0.359,0.026057628441590767,0.0,0.0,0.9986183286516853,9.208212108105766e-05,0.00031656700668308125,9.568392900974634e-05,fa8e863de807b794c8950cd957ececd0a088a828a2d603f98c6de0c9d6a491f8
audit,credit_card_fraud,static_weighted_ensemble,label_noise,40,569600,0.9992275280898877,0.0,0.0007724719101123156,0.0,0.8888888888888888,0.0,0.64,0.0,0.7441860465116279,0.0,0.6060744382022472,0.34805004755231816,0.10241304157552623,0.24290164241521794,0.00014069644741470278,0.0,0.00014069644741470278,0.0,0.36,0.0,0.0,0.0,0.9987359550561797,0.0,0.00014069644741470278,0.0,554e702cd01bb0cd02529935cf77006cd0da390e2fe17b072bd3795a3efb58e0
audit,credit_card_fraud,static_weighted_ensemble,missing_features,40,569600,0.9987289325842696,0.0003691977367442574,0.0012710674157303426,0.0003691977367442574,0.7029447157804356,0.33914982473987254,0.332,0.2448182999695897,0.42187165470074345,0.28156138759913807,0.9987289325842696,0.0003691977367442574,0.42187165470074345,0.28156138759913807,9.848751319029195e-05,7.51113489414795e-05,9.848751319029195e-05,7.51113489414795e-05,0.668,0.2448182999695897,0.0,0.0,0.9993188202247191,0.0004943740423258069,7.034822370735139e-06,2.1104467112205415e-05,ce68e353383cbff2f53d84bebfbd5a04eed390203af23d2138fd87c6503630bc
audit,credit_card_fraud,static_weighted_ensemble,random_feature_deletion,40,569600,0.9987008426966292,0.00046316383280455,0.0012991573033707792,0.00046316383280455,0.4483082706766917,0.4288497417334522,0.312,0.3066202863477888,0.36603783076155644,0.35558132605393844,0.9987008426966292,0.00046316383280455,0.36603783076155644,0.35558132605393844,9.145269081955681e-05,9.332746508210763e-05,9.145269081955681e-05,9.332746508210763e-05,0.688,0.3066202863477888,0.0,0.0,0.9993609550561797,0.0006183764034480888,0.0,0.0,8b46ee0d8f84694db88d483bed0032cc670ec129b5a3daf88010389c359963f8
audit,credit_card_fraud,static_weighted_ensemble,specialist_failure,40,569600,0.7498244382022472,0.4318977385351867,0.2501755617977528,0.4318977385351867,0.6532166822721598,0.3768044268000919,0.72,0.16248076809271922,0.5473878984993357,0.31458447908665654,0.7498244382022472,0.4318977385351867,0.5473878984993357,0.31458447908665654,0.25012310939148785,0.43294162560447136,0.25012310939148785,0.43294162560447136,0.28,0.16248076809271922,0.0,0.0,0.7490519662921348,0.4324653543757825,1.0,0.0,db9dd3f4e9623cb91dbee67849cdbf0771a8ccb3850cb73f4ede89fcf3381f2b
audit,credit_card_fraud,static_weighted_ensemble,synthetic_sensor_failure,40,569600,0.998683286516854,0.0004410062039003276,0.001316713483146048,0.0004410062039003276,0.4111111111111111,0.41201102706087017,0.32,0.32,0.35968992248062015,0.35983245861559093,0.998683286516854,0.0004410062039003276,0.35968992248062015,0.35983245861559093,0.00012310939148786493,0.00013042909755708166,0.00012310939148786493,0.00013042909755708166,0.6799999999999999,0.32,0.0,0.0,0.9993153089887641,0.0006860401573939743,0.0,0.0,8bcab4a7bfe66596e23072d1bd85fbd411961576e480d5ba7518988f87164f04
audit,credit_card_fraud,veto_mavs,adversarial_confidence_inflation,40,569600,0.9992275280898877,0.0,0.0007724719101123156,0.0,0.8888888888888888,0.0,0.64,0.0,0.7441860465116279,0.0,0.9992275280898877,0.0,0.7441860465116279,0.0,0.00014069644741470278,0.0,0.00014069644741470278,0.0,0.36,0.0,0.0,0.0,0.9987359550561797,0.0,0.00014069644741470278,0.0,6f22e1669c1c51db1054a50a17858e145d4cc6fc42841942a43f89a9a6c939a5
audit,credit_card_fraud,veto_mavs,confidence_distortion,40,569600,0.9992275280898877,0.0,0.0007724719101123156,0.0,0.8888888888888888,0.0,0.64,0.0,0.7441860465116279,0.0,0.9992275280898877,0.0,0.7441860465116279,0.0,0.00014069644741470278,0.0,0.00014069644741470278,0.0,0.36,0.0,0.0,0.0,0.9987359550561797,0.0,0.00014069644741470278,0.0,64e9717508a5c371151fde8346c2a84015c4454ab7b0a5588c69a3592653170e
audit,credit_card_fraud,veto_mavs,distribution_shift,40,423835,0.9988486854455005,0.0004196408692678839,0.0011513145544994052,0.0004196408692678839,0.8888888888888888,0.0,0.6433333333333333,0.008819171036881951,0.7464008859357697,0.0058599143102206035,0.9988486854455005,0.0004196408692678839,0.7464008859357697,0.0058599143102206035,0.0002145463697365704,8.648393327367387e-05,0.0002145463697365704,8.648393327367387e-05,0.35666666666666663,0.00881917103688197,0.0,0.0,0.998074990308747,0.0007734205689845877,0.00034843422168124617,5.479158477036673e-05,455bbb5d9dd88c59edd3d7a75fd551a329d800bb8fe939a68276deb8756f2978
audit,credit_card_fraud,veto_mavs,feature_noise,40,569600,0.9991327247191012,0.00010121864680761057,0.0008672752808988494,0.00010121864680761057,0.8464706957344341,0.04257617320210078,0.619,0.033451457367355455,0.7146692535107169,0.033871394553661616,0.9991327247191012,0.00010121864680761057,0.7146692535107169,0.033871394553661616,0.00019873373197326768,6.0694456302277164e-05,0.00019873373197326768,6.0694456302277164e-05,0.381,0.03345145736735547,0.0,0.0,0.9987148876404494,6.320224719100765e-05,0.00020400984875131901,5.843562337613841e-05,a2813b675bd27c6d8f2099c08925dd8aa10ec85b3ed4689bb1ace69091f7f509
audit,credit_card_fraud,veto_mavs,label_noise,40,569600,0.9992275280898877,0.0,0.0007724719101123156,0.0,0.8888888888888888,0.0,0.64,0.0,0.7441860465116279,0.0,0.6060744382022472,0.34805004755231816,0.10241304157552623,0.24290164241521794,0.00014069644741470278,0.0,0.00014069644741470278,0.0,0.36,0.0,0.0,0.0,0.9987359550561797,0.0,0.00014069644741470278,0.0,3ff9dfec13adaaf0b442ed4d0132ba02859c06d12f337a6d9237180c7e77511f
audit,credit_card_fraud,veto_mavs,missing_features,40,569600,0.9987131320224719,0.00037535342280753614,0.0012868679775280944,0.00037535342280753614,0.6640141598597481,0.37251464627220415,0.313,0.24246855466224895,0.40413360360551237,0.2849071236926176,0.9987131320224719,0.00037535342280753614,0.40413360360551237,0.2849071236926176,8.09004572634541e-05,6.775012410924454e-05,8.09004572634541e-05,6.775012410924454e-05,0.687,0.24246855466224893,0.0,0.0,0.9993697331460674,0.00048027945293832667,7.034822370735139e-06,2.1104467112205415e-05,32d63c9058bb74775eb6820fe4b593b3e3aaf29721701884eb94c27720bf7690
audit,credit_card_fraud,veto_mavs,random_feature_deletion,40,569600,0.998686797752809,0.00045732416166196165,0.0013132022471910032,0.00045732416166196165,0.4617486577964519,0.44092701191630745,0.293,0.29629546064696977,0.35253423775651516,0.3480984071865929,0.998686797752809,0.00045732416166196165,0.35253423775651516,0.3480984071865929,7.210692930003518e-05,7.459482961817972e-05,7.210692930003518e-05,7.459482961817972e-05,0.707,0.29629546064696977,0.0,0.0,0.9994136235955056,0.0005857663515666634,0.0,0.0,d21b1fbde2d861d601fced067cfeb22ee6de8826369eb565511b0c7debbab64e
audit,credit_card_fraud,veto_mavs,specialist_failure,40,569600,0.7498244382022472,0.4318977385351867,0.2501755617977528,0.4318977385351867,0.6532166822721598,0.3768044268000919,0.72,0.16248076809271922,0.5473878984993357,0.31458447908665654,0.7498244382022472,0.4318977385351867,0.5473878984993357,0.31458447908665654,0.25012310939148785,0.43294162560447136,0.25012310939148785,0.43294162560447136,0.28,0.16248076809271922,0.0,0.0,0.7490519662921348,0.4324653543757825,1.0,0.0,f9d6061ca67781d1da6942be834cb152413e6895903140d02e05935cfada8c08
audit,credit_card_fraud,veto_mavs,synthetic_sensor_failure,40,569600,0.9986042837078651,0.00037561609717933224,0.0013957162921348493,0.00037561609717933224,0.4284188034188034,0.42861857780119744,0.245,0.2525371259834878,0.3101285189718482,0.31422831106343213,0.9986042837078651,0.00037561609717933224,0.3101285189718482,0.31422831106343213,7.034822370735139e-05,7.034822370735139e-05,7.034822370735139e-05,7.034822370735139e-05,0.755,0.2525371259834878,0.0,0.0,0.9994996488764045,0.0005117709215993037,0.0,0.0,6d5ca0acf6f7427e6f68d47b853e01efb372a6b4431d53a16033e654d894064b
